{"weights": {"safety": 2.307692307692308, "comfort": 2.307692307692308, "efficiency": 4.615384615384616, "violations": 0.7692307692307693}, "safety": {"obstacleHazardCost": 230.7692307692308}, "comfort": {"hardAccelerationPenalty": 23.07692307692308, "hardDecelerationPenalty": 23.07692307692308, "softLateralAccelerationPenalty": 23.07692307692308, "linearLateralAccelerationPenalty": 23.07692307692308, "accelerationChangePenalty": 23.07692307692308}, "efficiency": {"extraTimePenalty": 461.5384615384616}, "violations": {"speedLimitPenalty": 76.92307692307693}, "stimulus_created": false, "id": 1}