{"weights": {"safety": 1.153846153846154, "comfort": 3.4615384615384617, "efficiency": 2.307692307692308, "violations": 3.076923076923077}, "safety": {"obstacleHazardCost": 115.3846153846154}, "comfort": {"hardAccelerationPenalty": 346.1538461538462, "hardDecelerationPenalty": 346.1538461538462, "softLateralAccelerationPenalty": 346.1538461538462, "linearLateralAccelerationPenalty": 346.1538461538462, "accelerationChangePenalty": 346.1538461538462}, "efficiency": {"extraTimePenalty": 230.7692307692308}, "violations": {"speedLimitPenalty": 307.69230769230774}, "stimulus_created": false, "id": 1}