{"weights": {"safety": 3.4482758620689657, "comfort": 2.7586206896551726, "efficiency": 0.6896551724137931, "violations": 3.103448275862069}, "safety": {"obstacleHazardCost": 344.82758620689657}, "comfort": {"hardAccelerationPenalty": 27.586206896551726, "hardDecelerationPenalty": 27.586206896551726, "softLateralAccelerationPenalty": 27.586206896551726, "linearLateralAccelerationPenalty": 27.586206896551726, "accelerationChangePenalty": 27.586206896551726}, "efficiency": {"extraTimePenalty": 68.96551724137932}, "violations": {"speedLimitPenalty": 310.3448275862069}, "stimulus_created": false, "id": 10}