{"weights": {"safety": 5.0, "comfort": 0.8333333333333333, "efficiency": 1.6666666666666665, "violations": 2.5}, "safety": {"obstacleHazardCost": 500.0}, "comfort": {"hardAccelerationPenalty": 83.33333333333333, "hardDecelerationPenalty": 83.33333333333333, "softLateralAccelerationPenalty": 83.33333333333333, "linearLateralAccelerationPenalty": 83.33333333333333, "accelerationChangePenalty": 83.33333333333333}, "efficiency": {"extraTimePenalty": 166.66666666666666}, "violations": {"speedLimitPenalty": 250.0}, "stimulus_created": false, "id": 10}