{"weights": {"safety": 2.8571428571428568, "comfort": 2.142857142857143, "efficiency": 1.4285714285714284, "violations": 3.5714285714285716}, "safety": {"obstacleHazardCost": 285.71428571428567}, "comfort": {"hardAccelerationPenalty": 214.28571428571428, "hardDecelerationPenalty": 214.28571428571428, "softLateralAccelerationPenalty": 214.28571428571428, "linearLateralAccelerationPenalty": 214.28571428571428, "accelerationChangePenalty": 214.28571428571428}, "efficiency": {"extraTimePenalty": 142.85714285714283}, "violations": {"speedLimitPenalty": 357.14285714285717}, "stimulus_created": false, "id": 100}