{"weights": {"safety": 2.608695652173913, "comfort": 1.3043478260869565, "efficiency": 3.0434782608695654, "violations": 3.0434782608695654}, "safety": {"obstacleHazardCost": 260.8695652173913}, "comfort": {"hardAccelerationPenalty": 13.043478260869566, "hardDecelerationPenalty": 13.043478260869566, "softLateralAccelerationPenalty": 13.043478260869566, "linearLateralAccelerationPenalty": 13.043478260869566, "accelerationChangePenalty": 13.043478260869566}, "efficiency": {"extraTimePenalty": 304.34782608695656}, "violations": {"speedLimitPenalty": 304.34782608695656}, "stimulus_created": false, "id": 100}