{"weights": {"safety": 3.4782608695652173, "comfort": 3.9130434782608696, "efficiency": 1.3043478260869565, "violations": 1.3043478260869565}, "safety": {"obstacleHazardCost": 347.82608695652175}, "comfort": {"hardAccelerationPenalty": 39.130434782608695, "hardDecelerationPenalty": 39.130434782608695, "softLateralAccelerationPenalty": 39.130434782608695, "linearLateralAccelerationPenalty": 39.130434782608695, "accelerationChangePenalty": 39.130434782608695}, "efficiency": {"extraTimePenalty": 130.43478260869566}, "violations": {"speedLimitPenalty": 130.43478260869566}, "stimulus_created": false, "id": 101}