{"weights": {"safety": 2.9411764705882355, "comfort": 1.1764705882352942, "efficiency": 4.117647058823529, "violations": 1.7647058823529413}, "safety": {"obstacleHazardCost": 294.11764705882354}, "comfort": {"hardAccelerationPenalty": 11.764705882352942, "hardDecelerationPenalty": 11.764705882352942, "softLateralAccelerationPenalty": 11.764705882352942, "linearLateralAccelerationPenalty": 11.764705882352942, "accelerationChangePenalty": 11.764705882352942}, "efficiency": {"extraTimePenalty": 411.7647058823529}, "violations": {"speedLimitPenalty": 176.47058823529414}, "stimulus_created": false, "id": 102}