{"weights": {"safety": 5.0, "comfort": 1.6666666666666665, "efficiency": 0.8333333333333333, "violations": 2.5}, "safety": {"obstacleHazardCost": 500.0}, "comfort": {"hardAccelerationPenalty": 166.66666666666666, "hardDecelerationPenalty": 166.66666666666666, "softLateralAccelerationPenalty": 166.66666666666666, "linearLateralAccelerationPenalty": 166.66666666666666, "accelerationChangePenalty": 166.66666666666666}, "efficiency": {"extraTimePenalty": 83.33333333333333}, "violations": {"speedLimitPenalty": 250.0}, "stimulus_created": false, "id": 11}