{"weights": {"safety": 3.2142857142857144, "comfort": 0.7142857142857142, "efficiency": 2.5, "violations": 3.5714285714285716}, "safety": {"obstacleHazardCost": 321.42857142857144}, "comfort": {"hardAccelerationPenalty": 7.142857142857142, "hardDecelerationPenalty": 7.142857142857142, "softLateralAccelerationPenalty": 7.142857142857142, "linearLateralAccelerationPenalty": 7.142857142857142, "accelerationChangePenalty": 7.142857142857142}, "efficiency": {"extraTimePenalty": 250.0}, "violations": {"speedLimitPenalty": 357.14285714285717}, "stimulus_created": false, "id": 12}