{"weights": {"safety": 1.3333333333333333, "comfort": 0.6666666666666666, "efficiency": 1.3333333333333333, "violations": 6.666666666666666}, "safety": {"obstacleHazardCost": 133.33333333333331}, "comfort": {"hardAccelerationPenalty": 66.66666666666666, "hardDecelerationPenalty": 66.66666666666666, "softLateralAccelerationPenalty": 66.66666666666666, "linearLateralAccelerationPenalty": 66.66666666666666, "accelerationChangePenalty": 66.66666666666666}, "efficiency": {"extraTimePenalty": 133.33333333333331}, "violations": {"speedLimitPenalty": 666.6666666666666}, "stimulus_created": false, "id": 12}