{"weights": {"safety": 2.6470588235294117, "comfort": 2.9411764705882355, "efficiency": 2.6470588235294117, "violations": 1.7647058823529413}, "safety": {"obstacleHazardCost": 264.70588235294116}, "comfort": {"hardAccelerationPenalty": 294.11764705882354, "hardDecelerationPenalty": 294.11764705882354, "softLateralAccelerationPenalty": 294.11764705882354, "linearLateralAccelerationPenalty": 294.11764705882354, "accelerationChangePenalty": 294.11764705882354}, "efficiency": {"extraTimePenalty": 264.70588235294116}, "violations": {"speedLimitPenalty": 176.47058823529414}, "stimulus_created": false, "id": 13}