{"weights": {"safety": 1.7857142857142858, "comfort": 2.5, "efficiency": 2.8571428571428568, "violations": 2.8571428571428568}, "safety": {"obstacleHazardCost": 178.57142857142858}, "comfort": {"hardAccelerationPenalty": 250.0, "hardDecelerationPenalty": 250.0, "softLateralAccelerationPenalty": 250.0, "linearLateralAccelerationPenalty": 250.0, "accelerationChangePenalty": 250.0}, "efficiency": {"extraTimePenalty": 285.71428571428567}, "violations": {"speedLimitPenalty": 285.71428571428567}, "stimulus_created": false, "id": 14}