{"weights": {"safety": 0.9523809523809523, "comfort": 4.285714285714286, "efficiency": 3.8095238095238093, "violations": 0.9523809523809523}, "safety": {"obstacleHazardCost": 95.23809523809523}, "comfort": {"hardAccelerationPenalty": 428.57142857142856, "hardDecelerationPenalty": 428.57142857142856, "softLateralAccelerationPenalty": 428.57142857142856, "linearLateralAccelerationPenalty": 428.57142857142856, "accelerationChangePenalty": 428.57142857142856}, "efficiency": {"extraTimePenalty": 380.9523809523809}, "violations": {"speedLimitPenalty": 95.23809523809523}, "stimulus_created": false, "id": 15}