{"weights": {"safety": 4.166666666666667, "comfort": 3.333333333333333, "efficiency": 1.6666666666666665, "violations": 0.8333333333333333}, "safety": {"obstacleHazardCost": 416.6666666666667}, "comfort": {"hardAccelerationPenalty": 33.33333333333333, "hardDecelerationPenalty": 33.33333333333333, "softLateralAccelerationPenalty": 33.33333333333333, "linearLateralAccelerationPenalty": 33.33333333333333, "accelerationChangePenalty": 33.33333333333333}, "efficiency": {"extraTimePenalty": 166.66666666666666}, "violations": {"speedLimitPenalty": 83.33333333333333}, "stimulus_created": false, "id": 16}