{"weights": {"safety": 2.727272727272727, "comfort": 0.9090909090909092, "efficiency": 4.090909090909091, "violations": 2.2727272727272725}, "safety": {"obstacleHazardCost": 272.7272727272727}, "comfort": {"hardAccelerationPenalty": 90.90909090909092, "hardDecelerationPenalty": 90.90909090909092, "softLateralAccelerationPenalty": 90.90909090909092, "linearLateralAccelerationPenalty": 90.90909090909092, "accelerationChangePenalty": 90.90909090909092}, "efficiency": {"extraTimePenalty": 409.09090909090907}, "violations": {"speedLimitPenalty": 227.27272727272725}, "stimulus_created": false, "id": 17}