{"weights": {"safety": 2.692307692307692, "comfort": 3.8461538461538463, "efficiency": 3.076923076923077, "violations": 0.38461538461538464}, "safety": {"obstacleHazardCost": 269.2307692307692}, "comfort": {"hardAccelerationPenalty": 38.46153846153846, "hardDecelerationPenalty": 38.46153846153846, "softLateralAccelerationPenalty": 38.46153846153846, "linearLateralAccelerationPenalty": 38.46153846153846, "accelerationChangePenalty": 38.46153846153846}, "efficiency": {"extraTimePenalty": 307.69230769230774}, "violations": {"speedLimitPenalty": 38.46153846153847}, "stimulus_created": false, "id": 17}