{"weights": {"safety": 4.090909090909091, "comfort": 2.2727272727272725, "efficiency": 2.727272727272727, "violations": 0.9090909090909092}, "safety": {"obstacleHazardCost": 409.09090909090907}, "comfort": {"hardAccelerationPenalty": 227.27272727272725, "hardDecelerationPenalty": 227.27272727272725, "softLateralAccelerationPenalty": 227.27272727272725, "linearLateralAccelerationPenalty": 227.27272727272725, "accelerationChangePenalty": 227.27272727272725}, "efficiency": {"extraTimePenalty": 272.7272727272727}, "violations": {"speedLimitPenalty": 90.90909090909092}, "stimulus_created": false, "id": 18}