{"weights": {"safety": 4.3478260869565215, "comfort": 2.608695652173913, "efficiency": 2.1739130434782608, "violations": 0.8695652173913043}, "safety": {"obstacleHazardCost": 434.78260869565213}, "comfort": {"hardAccelerationPenalty": 26.086956521739133, "hardDecelerationPenalty": 26.086956521739133, "softLateralAccelerationPenalty": 26.086956521739133, "linearLateralAccelerationPenalty": 26.086956521739133, "accelerationChangePenalty": 26.086956521739133}, "efficiency": {"extraTimePenalty": 217.39130434782606}, "violations": {"speedLimitPenalty": 86.95652173913044}, "stimulus_created": false, "id": 18}