{"weights": {"safety": 4.285714285714286, "comfort": 1.4285714285714284, "efficiency": 3.5714285714285716, "violations": 0.7142857142857142}, "safety": {"obstacleHazardCost": 428.57142857142856}, "comfort": {"hardAccelerationPenalty": 142.85714285714283, "hardDecelerationPenalty": 142.85714285714283, "softLateralAccelerationPenalty": 142.85714285714283, "linearLateralAccelerationPenalty": 142.85714285714283, "accelerationChangePenalty": 142.85714285714283}, "efficiency": {"extraTimePenalty": 357.14285714285717}, "violations": {"speedLimitPenalty": 71.42857142857142}, "stimulus_created": false, "id": 19}