{"weights": {"safety": 2.571428571428571, "comfort": 2.8571428571428568, "efficiency": 2.571428571428571, "violations": 2.0}, "safety": {"obstacleHazardCost": 593.4065934065934}, "comfort": {"hardAccelerationPenalty": 65.93406593406594, "hardDecelerationPenalty": 65.93406593406594, "softLateralAccelerationPenalty": 65.93406593406594, "linearLateralAccelerationPenalty": 65.93406593406594, "accelerationChangePenalty": 65.93406593406594}, "efficiency": {"extraTimePenalty": 1186.8131868131868}, "violations": {"speedLimitPenalty": 153.84615384615387}, "stimulus_created": false, "id": 2}