{"weights": {"safety": 2.6666666666666665, "comfort": 0.6666666666666666, "efficiency": 6.0, "violations": 0.6666666666666666}, "safety": {"obstacleHazardCost": 266.66666666666663}, "comfort": {"hardAccelerationPenalty": 66.66666666666666, "hardDecelerationPenalty": 66.66666666666666, "softLateralAccelerationPenalty": 66.66666666666666, "linearLateralAccelerationPenalty": 66.66666666666666, "accelerationChangePenalty": 66.66666666666666}, "efficiency": {"extraTimePenalty": 600.0}, "violations": {"speedLimitPenalty": 66.66666666666666}, "stimulus_created": false, "id": 2}