{"weights": {"safety": 1.8518518518518516, "comfort": 2.2222222222222223, "efficiency": 2.5925925925925926, "violations": 3.333333333333333}, "safety": {"obstacleHazardCost": 185.18518518518516}, "comfort": {"hardAccelerationPenalty": 22.22222222222222, "hardDecelerationPenalty": 22.22222222222222, "softLateralAccelerationPenalty": 22.22222222222222, "linearLateralAccelerationPenalty": 22.22222222222222, "accelerationChangePenalty": 22.22222222222222}, "efficiency": {"extraTimePenalty": 259.25925925925924}, "violations": {"speedLimitPenalty": 333.3333333333333}, "stimulus_created": false, "id": 20}