{"weights": {"safety": 3.333333333333333, "comfort": 0.9523809523809523, "efficiency": 4.285714285714286, "violations": 1.4285714285714284}, "safety": {"obstacleHazardCost": 333.3333333333333}, "comfort": {"hardAccelerationPenalty": 95.23809523809523, "hardDecelerationPenalty": 95.23809523809523, "softLateralAccelerationPenalty": 95.23809523809523, "linearLateralAccelerationPenalty": 95.23809523809523, "accelerationChangePenalty": 95.23809523809523}, "efficiency": {"extraTimePenalty": 428.57142857142856}, "violations": {"speedLimitPenalty": 142.85714285714283}, "stimulus_created": false, "id": 20}