{"weights": {"safety": 4.7368421052631575, "comfort": 0.5263157894736842, "efficiency": 2.631578947368421, "violations": 2.1052631578947367}, "safety": {"obstacleHazardCost": 473.6842105263157}, "comfort": {"hardAccelerationPenalty": 52.63157894736842, "hardDecelerationPenalty": 52.63157894736842, "softLateralAccelerationPenalty": 52.63157894736842, "linearLateralAccelerationPenalty": 52.63157894736842, "accelerationChangePenalty": 52.63157894736842}, "efficiency": {"extraTimePenalty": 263.1578947368421}, "violations": {"speedLimitPenalty": 210.52631578947367}, "stimulus_created": false, "id": 21}