{"weights": {"safety": 1.935483870967742, "comfort": 3.225806451612903, "efficiency": 1.6129032258064515, "violations": 3.225806451612903}, "safety": {"obstacleHazardCost": 193.5483870967742}, "comfort": {"hardAccelerationPenalty": 32.25806451612903, "hardDecelerationPenalty": 32.25806451612903, "softLateralAccelerationPenalty": 32.25806451612903, "linearLateralAccelerationPenalty": 32.25806451612903, "accelerationChangePenalty": 32.25806451612903}, "efficiency": {"extraTimePenalty": 161.29032258064515}, "violations": {"speedLimitPenalty": 322.5806451612903}, "stimulus_created": false, "id": 21}