{"weights": {"safety": 3.888888888888889, "comfort": 3.888888888888889, "efficiency": 0.5555555555555556, "violations": 1.6666666666666665}, "safety": {"obstacleHazardCost": 388.88888888888886}, "comfort": {"hardAccelerationPenalty": 388.88888888888886, "hardDecelerationPenalty": 388.88888888888886, "softLateralAccelerationPenalty": 388.88888888888886, "linearLateralAccelerationPenalty": 388.88888888888886, "accelerationChangePenalty": 388.88888888888886}, "efficiency": {"extraTimePenalty": 55.55555555555556}, "violations": {"speedLimitPenalty": 166.66666666666666}, "stimulus_created": false, "id": 22}