{"weights": {"safety": 0.43478260869565216, "comfort": 1.7391304347826086, "efficiency": 3.9130434782608696, "violations": 3.9130434782608696}, "safety": {"obstacleHazardCost": 43.47826086956522}, "comfort": {"hardAccelerationPenalty": 17.391304347826086, "hardDecelerationPenalty": 17.391304347826086, "softLateralAccelerationPenalty": 17.391304347826086, "linearLateralAccelerationPenalty": 17.391304347826086, "accelerationChangePenalty": 17.391304347826086}, "efficiency": {"extraTimePenalty": 391.30434782608694}, "violations": {"speedLimitPenalty": 391.30434782608694}, "stimulus_created": false, "id": 22}