{"weights": {"safety": 2.903225806451613, "comfort": 2.903225806451613, "efficiency": 0.967741935483871, "violations": 3.225806451612903}, "safety": {"obstacleHazardCost": 290.3225806451613}, "comfort": {"hardAccelerationPenalty": 29.032258064516128, "hardDecelerationPenalty": 29.032258064516128, "softLateralAccelerationPenalty": 29.032258064516128, "linearLateralAccelerationPenalty": 29.032258064516128, "accelerationChangePenalty": 29.032258064516128}, "efficiency": {"extraTimePenalty": 96.7741935483871}, "violations": {"speedLimitPenalty": 322.5806451612903}, "stimulus_created": false, "id": 23}