{"weights": {"safety": 2.5, "comfort": 2.142857142857143, "efficiency": 3.5714285714285716, "violations": 1.7857142857142858}, "safety": {"obstacleHazardCost": 250.0}, "comfort": {"hardAccelerationPenalty": 214.28571428571428, "hardDecelerationPenalty": 214.28571428571428, "softLateralAccelerationPenalty": 214.28571428571428, "linearLateralAccelerationPenalty": 214.28571428571428, "accelerationChangePenalty": 214.28571428571428}, "efficiency": {"extraTimePenalty": 357.14285714285717}, "violations": {"speedLimitPenalty": 178.57142857142858}, "stimulus_created": false, "id": 23}