{"weights": {"safety": 2.8571428571428568, "comfort": 3.5714285714285716, "efficiency": 3.2142857142857144, "violations": 0.3571428571428571}, "safety": {"obstacleHazardCost": 285.71428571428567}, "comfort": {"hardAccelerationPenalty": 35.714285714285715, "hardDecelerationPenalty": 35.714285714285715, "softLateralAccelerationPenalty": 35.714285714285715, "linearLateralAccelerationPenalty": 35.714285714285715, "accelerationChangePenalty": 35.714285714285715}, "efficiency": {"extraTimePenalty": 321.42857142857144}, "violations": {"speedLimitPenalty": 35.71428571428571}, "stimulus_created": false, "id": 24}