{"weights": {"safety": 1.4285714285714284, "comfort": 1.4285714285714284, "efficiency": 1.4285714285714284, "violations": 5.7142857142857135}, "safety": {"obstacleHazardCost": 142.85714285714283}, "comfort": {"hardAccelerationPenalty": 14.285714285714285, "hardDecelerationPenalty": 14.285714285714285, "softLateralAccelerationPenalty": 14.285714285714285, "linearLateralAccelerationPenalty": 14.285714285714285, "accelerationChangePenalty": 14.285714285714285}, "efficiency": {"extraTimePenalty": 142.85714285714283}, "violations": {"speedLimitPenalty": 571.4285714285713}, "stimulus_created": false, "id": 25}