{"weights": {"safety": 3.225806451612903, "comfort": 0.967741935483871, "efficiency": 2.903225806451613, "violations": 2.903225806451613}, "safety": {"obstacleHazardCost": 322.5806451612903}, "comfort": {"hardAccelerationPenalty": 96.7741935483871, "hardDecelerationPenalty": 96.7741935483871, "softLateralAccelerationPenalty": 96.7741935483871, "linearLateralAccelerationPenalty": 96.7741935483871, "accelerationChangePenalty": 96.7741935483871}, "efficiency": {"extraTimePenalty": 290.3225806451613}, "violations": {"speedLimitPenalty": 290.3225806451613}, "stimulus_created": false, "id": 25}