{"weights": {"safety": 2.1052631578947367, "comfort": 5.263157894736842, "efficiency": 1.5789473684210527, "violations": 1.0526315789473684}, "safety": {"obstacleHazardCost": 210.52631578947367}, "comfort": {"hardAccelerationPenalty": 52.63157894736842, "hardDecelerationPenalty": 52.63157894736842, "softLateralAccelerationPenalty": 52.63157894736842, "linearLateralAccelerationPenalty": 52.63157894736842, "accelerationChangePenalty": 52.63157894736842}, "efficiency": {"extraTimePenalty": 157.89473684210526}, "violations": {"speedLimitPenalty": 105.26315789473684}, "stimulus_created": false, "id": 26}