{"weights": {"safety": 2.5, "comfort": 2.916666666666667, "efficiency": 0.8333333333333333, "violations": 3.75}, "safety": {"obstacleHazardCost": 250.0}, "comfort": {"hardAccelerationPenalty": 291.6666666666667, "hardDecelerationPenalty": 291.6666666666667, "softLateralAccelerationPenalty": 291.6666666666667, "linearLateralAccelerationPenalty": 291.6666666666667, "accelerationChangePenalty": 291.6666666666667}, "efficiency": {"extraTimePenalty": 83.33333333333333}, "violations": {"speedLimitPenalty": 375.0}, "stimulus_created": false, "id": 26}