{"weights": {"safety": 2.916666666666667, "comfort": 0.41666666666666663, "efficiency": 4.166666666666667, "violations": 2.5}, "safety": {"obstacleHazardCost": 291.6666666666667}, "comfort": {"hardAccelerationPenalty": 4.166666666666666, "hardDecelerationPenalty": 4.166666666666666, "softLateralAccelerationPenalty": 4.166666666666666, "linearLateralAccelerationPenalty": 4.166666666666666, "accelerationChangePenalty": 4.166666666666666}, "efficiency": {"extraTimePenalty": 416.6666666666667}, "violations": {"speedLimitPenalty": 250.0}, "stimulus_created": false, "id": 27}