{"weights": {"safety": 2.9411764705882355, "comfort": 0.5882352941176471, "efficiency": 1.7647058823529413, "violations": 4.705882352941177}, "safety": {"obstacleHazardCost": 294.11764705882354}, "comfort": {"hardAccelerationPenalty": 5.882352941176471, "hardDecelerationPenalty": 5.882352941176471, "softLateralAccelerationPenalty": 5.882352941176471, "linearLateralAccelerationPenalty": 5.882352941176471, "accelerationChangePenalty": 5.882352941176471}, "efficiency": {"extraTimePenalty": 176.47058823529414}, "violations": {"speedLimitPenalty": 470.5882352941177}, "stimulus_created": false, "id": 28}