{"weights": {"safety": 2.7777777777777777, "comfort": 0.5555555555555556, "efficiency": 1.6666666666666665, "violations": 5.0}, "safety": {"obstacleHazardCost": 277.77777777777777}, "comfort": {"hardAccelerationPenalty": 55.55555555555556, "hardDecelerationPenalty": 55.55555555555556, "softLateralAccelerationPenalty": 55.55555555555556, "linearLateralAccelerationPenalty": 55.55555555555556, "accelerationChangePenalty": 55.55555555555556}, "efficiency": {"extraTimePenalty": 166.66666666666666}, "violations": {"speedLimitPenalty": 500.0}, "stimulus_created": false, "id": 28}