{"weights": {"safety": 3.0, "comfort": 2.3333333333333335, "efficiency": 2.0, "violations": 2.6666666666666665}, "safety": {"obstacleHazardCost": 300.0}, "comfort": {"hardAccelerationPenalty": 233.33333333333334, "hardDecelerationPenalty": 233.33333333333334, "softLateralAccelerationPenalty": 233.33333333333334, "linearLateralAccelerationPenalty": 233.33333333333334, "accelerationChangePenalty": 233.33333333333334}, "efficiency": {"extraTimePenalty": 200.0}, "violations": {"speedLimitPenalty": 266.66666666666663}, "stimulus_created": false, "id": 29}