{"weights": {"safety": 1.6666666666666665, "comfort": 1.6666666666666665, "efficiency": 3.333333333333333, "violations": 3.333333333333333}, "safety": {"obstacleHazardCost": 166.66666666666666}, "comfort": {"hardAccelerationPenalty": 16.666666666666664, "hardDecelerationPenalty": 16.666666666666664, "softLateralAccelerationPenalty": 16.666666666666664, "linearLateralAccelerationPenalty": 16.666666666666664, "accelerationChangePenalty": 16.666666666666664}, "efficiency": {"extraTimePenalty": 333.3333333333333}, "violations": {"speedLimitPenalty": 333.3333333333333}, "stimulus_created": false, "id": 29}