{"weights": {"safety": 3.75, "comfort": 1.6666666666666665, "efficiency": 1.25, "violations": 3.333333333333333}, "safety": {"obstacleHazardCost": 2225.2747252747254}, "comfort": {"hardAccelerationPenalty": 109.8901098901099, "hardDecelerationPenalty": 109.8901098901099, "softLateralAccelerationPenalty": 109.8901098901099, "linearLateralAccelerationPenalty": 109.8901098901099, "accelerationChangePenalty": 109.8901098901099}, "efficiency": {"extraTimePenalty": 1483.5164835164835}, "violations": {"speedLimitPenalty": 512.8205128205128}, "stimulus_created": false, "id": 3}