{"weights": {"safety": 3.0434782608695654, "comfort": 0.8695652173913043, "efficiency": 3.9130434782608696, "violations": 2.1739130434782608}, "safety": {"obstacleHazardCost": 304.34782608695656}, "comfort": {"hardAccelerationPenalty": 86.95652173913044, "hardDecelerationPenalty": 86.95652173913044, "softLateralAccelerationPenalty": 86.95652173913044, "linearLateralAccelerationPenalty": 86.95652173913044, "accelerationChangePenalty": 86.95652173913044}, "efficiency": {"extraTimePenalty": 391.30434782608694}, "violations": {"speedLimitPenalty": 217.39130434782606}, "stimulus_created": false, "id": 3}