{"weights": {"safety": 3.333333333333333, "comfort": 1.6666666666666665, "efficiency": 3.888888888888889, "violations": 1.1111111111111112}, "safety": {"obstacleHazardCost": 333.3333333333333}, "comfort": {"hardAccelerationPenalty": 16.666666666666664, "hardDecelerationPenalty": 16.666666666666664, "softLateralAccelerationPenalty": 16.666666666666664, "linearLateralAccelerationPenalty": 16.666666666666664, "accelerationChangePenalty": 16.666666666666664}, "efficiency": {"extraTimePenalty": 388.88888888888886}, "violations": {"speedLimitPenalty": 111.11111111111111}, "stimulus_created": false, "id": 30}