{"weights": {"safety": 1.8181818181818183, "comfort": 4.545454545454545, "efficiency": 1.8181818181818183, "violations": 1.8181818181818183}, "safety": {"obstacleHazardCost": 181.81818181818184}, "comfort": {"hardAccelerationPenalty": 454.5454545454545, "hardDecelerationPenalty": 454.5454545454545, "softLateralAccelerationPenalty": 454.5454545454545, "linearLateralAccelerationPenalty": 454.5454545454545, "accelerationChangePenalty": 454.5454545454545}, "efficiency": {"extraTimePenalty": 181.81818181818184}, "violations": {"speedLimitPenalty": 181.81818181818184}, "stimulus_created": false, "id": 30}