{"weights": {"safety": 2.5925925925925926, "comfort": 2.962962962962963, "efficiency": 2.962962962962963, "violations": 1.4814814814814814}, "safety": {"obstacleHazardCost": 259.25925925925924}, "comfort": {"hardAccelerationPenalty": 29.629629629629626, "hardDecelerationPenalty": 29.629629629629626, "softLateralAccelerationPenalty": 29.629629629629626, "linearLateralAccelerationPenalty": 29.629629629629626, "accelerationChangePenalty": 29.629629629629626}, "efficiency": {"extraTimePenalty": 296.2962962962963}, "violations": {"speedLimitPenalty": 148.14814814814815}, "stimulus_created": false, "id": 31}