{"weights": {"safety": 1.153846153846154, "comfort": 3.8461538461538463, "efficiency": 1.5384615384615385, "violations": 3.4615384615384617}, "safety": {"obstacleHazardCost": 115.3846153846154}, "comfort": {"hardAccelerationPenalty": 384.61538461538464, "hardDecelerationPenalty": 384.61538461538464, "softLateralAccelerationPenalty": 384.61538461538464, "linearLateralAccelerationPenalty": 384.61538461538464, "accelerationChangePenalty": 384.61538461538464}, "efficiency": {"extraTimePenalty": 153.84615384615387}, "violations": {"speedLimitPenalty": 346.1538461538462}, "stimulus_created": false, "id": 31}