{"weights": {"safety": 2.380952380952381, "comfort": 4.285714285714286, "efficiency": 0.9523809523809523, "violations": 2.380952380952381}, "safety": {"obstacleHazardCost": 238.0952380952381}, "comfort": {"hardAccelerationPenalty": 42.857142857142854, "hardDecelerationPenalty": 42.857142857142854, "softLateralAccelerationPenalty": 42.857142857142854, "linearLateralAccelerationPenalty": 42.857142857142854, "accelerationChangePenalty": 42.857142857142854}, "efficiency": {"extraTimePenalty": 95.23809523809523}, "violations": {"speedLimitPenalty": 238.0952380952381}, "stimulus_created": false, "id": 32}