{"weights": {"safety": 2.7027027027027026, "comfort": 2.7027027027027026, "efficiency": 1.891891891891892, "violations": 2.7027027027027026}, "safety": {"obstacleHazardCost": 270.27027027027026}, "comfort": {"hardAccelerationPenalty": 270.27027027027026, "hardDecelerationPenalty": 270.27027027027026, "softLateralAccelerationPenalty": 270.27027027027026, "linearLateralAccelerationPenalty": 270.27027027027026, "accelerationChangePenalty": 270.27027027027026}, "efficiency": {"extraTimePenalty": 189.18918918918922}, "violations": {"speedLimitPenalty": 270.27027027027026}, "stimulus_created": false, "id": 32}