{"weights": {"safety": 6.428571428571429, "comfort": 0.7142857142857142, "efficiency": 2.142857142857143, "violations": 0.7142857142857142}, "safety": {"obstacleHazardCost": 642.8571428571429}, "comfort": {"hardAccelerationPenalty": 7.142857142857142, "hardDecelerationPenalty": 7.142857142857142, "softLateralAccelerationPenalty": 7.142857142857142, "linearLateralAccelerationPenalty": 7.142857142857142, "accelerationChangePenalty": 7.142857142857142}, "efficiency": {"extraTimePenalty": 214.28571428571428}, "violations": {"speedLimitPenalty": 71.42857142857142}, "stimulus_created": false, "id": 33}