{"weights": {"safety": 0.5882352941176471, "comfort": 1.7647058823529413, "efficiency": 1.7647058823529413, "violations": 5.882352941176471}, "safety": {"obstacleHazardCost": 58.82352941176471}, "comfort": {"hardAccelerationPenalty": 176.47058823529414, "hardDecelerationPenalty": 176.47058823529414, "softLateralAccelerationPenalty": 176.47058823529414, "linearLateralAccelerationPenalty": 176.47058823529414, "accelerationChangePenalty": 176.47058823529414}, "efficiency": {"extraTimePenalty": 176.47058823529414}, "violations": {"speedLimitPenalty": 588.2352941176471}, "stimulus_created": false, "id": 33}