{"weights": {"safety": 3.076923076923077, "comfort": 3.4615384615384617, "efficiency": 3.076923076923077, "violations": 0.38461538461538464}, "safety": {"obstacleHazardCost": 307.69230769230774}, "comfort": {"hardAccelerationPenalty": 34.61538461538461, "hardDecelerationPenalty": 34.61538461538461, "softLateralAccelerationPenalty": 34.61538461538461, "linearLateralAccelerationPenalty": 34.61538461538461, "accelerationChangePenalty": 34.61538461538461}, "efficiency": {"extraTimePenalty": 307.69230769230774}, "violations": {"speedLimitPenalty": 38.46153846153847}, "stimulus_created": false, "id": 34}