{"weights": {"safety": 3.4615384615384617, "comfort": 3.8461538461538463, "efficiency": 1.153846153846154, "violations": 1.5384615384615385}, "safety": {"obstacleHazardCost": 346.1538461538462}, "comfort": {"hardAccelerationPenalty": 384.61538461538464, "hardDecelerationPenalty": 384.61538461538464, "softLateralAccelerationPenalty": 384.61538461538464, "linearLateralAccelerationPenalty": 384.61538461538464, "accelerationChangePenalty": 384.61538461538464}, "efficiency": {"extraTimePenalty": 115.3846153846154}, "violations": {"speedLimitPenalty": 153.84615384615387}, "stimulus_created": false, "id": 35}