{"weights": {"safety": 2.6666666666666665, "comfort": 3.333333333333333, "efficiency": 2.6666666666666665, "violations": 1.3333333333333333}, "safety": {"obstacleHazardCost": 266.66666666666663}, "comfort": {"hardAccelerationPenalty": 33.33333333333333, "hardDecelerationPenalty": 33.33333333333333, "softLateralAccelerationPenalty": 33.33333333333333, "linearLateralAccelerationPenalty": 33.33333333333333, "accelerationChangePenalty": 33.33333333333333}, "efficiency": {"extraTimePenalty": 266.66666666666663}, "violations": {"speedLimitPenalty": 133.33333333333331}, "stimulus_created": false, "id": 35}