{"weights": {"safety": 1.5384615384615385, "comfort": 3.8461538461538463, "efficiency": 3.076923076923077, "violations": 1.5384615384615385}, "safety": {"obstacleHazardCost": 153.84615384615387}, "comfort": {"hardAccelerationPenalty": 38.46153846153846, "hardDecelerationPenalty": 38.46153846153846, "softLateralAccelerationPenalty": 38.46153846153846, "linearLateralAccelerationPenalty": 38.46153846153846, "accelerationChangePenalty": 38.46153846153846}, "efficiency": {"extraTimePenalty": 307.69230769230774}, "violations": {"speedLimitPenalty": 153.84615384615387}, "stimulus_created": false, "id": 36}