{"weights": {"safety": 3.1818181818181817, "comfort": 2.2727272727272725, "efficiency": 0.9090909090909092, "violations": 3.6363636363636367}, "safety": {"obstacleHazardCost": 318.1818181818182}, "comfort": {"hardAccelerationPenalty": 227.27272727272725, "hardDecelerationPenalty": 227.27272727272725, "softLateralAccelerationPenalty": 227.27272727272725, "linearLateralAccelerationPenalty": 227.27272727272725, "accelerationChangePenalty": 227.27272727272725}, "efficiency": {"extraTimePenalty": 90.90909090909092}, "violations": {"speedLimitPenalty": 363.6363636363637}, "stimulus_created": false, "id": 36}