{"weights": {"safety": 0.38461538461538464, "comfort": 1.9230769230769231, "efficiency": 3.8461538461538463, "violations": 3.8461538461538463}, "safety": {"obstacleHazardCost": 38.46153846153847}, "comfort": {"hardAccelerationPenalty": 19.23076923076923, "hardDecelerationPenalty": 19.23076923076923, "softLateralAccelerationPenalty": 19.23076923076923, "linearLateralAccelerationPenalty": 19.23076923076923, "accelerationChangePenalty": 19.23076923076923}, "efficiency": {"extraTimePenalty": 384.61538461538464}, "violations": {"speedLimitPenalty": 384.61538461538464}, "stimulus_created": false, "id": 37}