{"weights": {"safety": 3.6363636363636367, "comfort": 0.9090909090909092, "efficiency": 2.727272727272727, "violations": 2.727272727272727}, "safety": {"obstacleHazardCost": 363.6363636363637}, "comfort": {"hardAccelerationPenalty": 90.90909090909092, "hardDecelerationPenalty": 90.90909090909092, "softLateralAccelerationPenalty": 90.90909090909092, "linearLateralAccelerationPenalty": 90.90909090909092, "accelerationChangePenalty": 90.90909090909092}, "efficiency": {"extraTimePenalty": 272.7272727272727}, "violations": {"speedLimitPenalty": 272.7272727272727}, "stimulus_created": false, "id": 38}