{"weights": {"safety": 1.7391304347826086, "comfort": 3.4782608695652173, "efficiency": 2.1739130434782608, "violations": 2.608695652173913}, "safety": {"obstacleHazardCost": 173.91304347826087}, "comfort": {"hardAccelerationPenalty": 34.78260869565217, "hardDecelerationPenalty": 34.78260869565217, "softLateralAccelerationPenalty": 34.78260869565217, "linearLateralAccelerationPenalty": 34.78260869565217, "accelerationChangePenalty": 34.78260869565217}, "efficiency": {"extraTimePenalty": 217.39130434782606}, "violations": {"speedLimitPenalty": 260.8695652173913}, "stimulus_created": false, "id": 39}