{"weights": {"safety": 4.285714285714286, "comfort": 2.142857142857143, "efficiency": 2.142857142857143, "violations": 1.4285714285714284}, "safety": {"obstacleHazardCost": 428.57142857142856}, "comfort": {"hardAccelerationPenalty": 214.28571428571428, "hardDecelerationPenalty": 214.28571428571428, "softLateralAccelerationPenalty": 214.28571428571428, "linearLateralAccelerationPenalty": 214.28571428571428, "accelerationChangePenalty": 214.28571428571428}, "efficiency": {"extraTimePenalty": 214.28571428571428}, "violations": {"speedLimitPenalty": 142.85714285714283}, "stimulus_created": false, "id": 39}