{"weights": {"safety": 2.6666666666666665, "comfort": 5.333333333333333, "efficiency": 0.6666666666666666, "violations": 1.3333333333333333}, "safety": {"obstacleHazardCost": 266.66666666666663}, "comfort": {"hardAccelerationPenalty": 533.3333333333333, "hardDecelerationPenalty": 533.3333333333333, "softLateralAccelerationPenalty": 533.3333333333333, "linearLateralAccelerationPenalty": 533.3333333333333, "accelerationChangePenalty": 533.3333333333333}, "efficiency": {"extraTimePenalty": 66.66666666666666}, "violations": {"speedLimitPenalty": 133.33333333333331}, "stimulus_created": false, "id": 4}