{"weights": {"safety": 2.9411764705882355, "comfort": 3.5294117647058827, "efficiency": 1.1764705882352942, "violations": 2.3529411764705883}, "safety": {"obstacleHazardCost": 294.11764705882354}, "comfort": {"hardAccelerationPenalty": 35.294117647058826, "hardDecelerationPenalty": 35.294117647058826, "softLateralAccelerationPenalty": 35.294117647058826, "linearLateralAccelerationPenalty": 35.294117647058826, "accelerationChangePenalty": 35.294117647058826}, "efficiency": {"extraTimePenalty": 117.64705882352942}, "violations": {"speedLimitPenalty": 235.29411764705884}, "stimulus_created": false, "id": 4}