{"weights": {"safety": 1.1764705882352942, "comfort": 1.1764705882352942, "efficiency": 3.5294117647058827, "violations": 4.117647058823529}, "safety": {"obstacleHazardCost": 117.64705882352942}, "comfort": {"hardAccelerationPenalty": 117.64705882352942, "hardDecelerationPenalty": 117.64705882352942, "softLateralAccelerationPenalty": 117.64705882352942, "linearLateralAccelerationPenalty": 117.64705882352942, "accelerationChangePenalty": 117.64705882352942}, "efficiency": {"extraTimePenalty": 352.9411764705883}, "violations": {"speedLimitPenalty": 411.7647058823529}, "stimulus_created": false, "id": 40}