{"weights": {"safety": 0.38461538461538464, "comfort": 3.8461538461538463, "efficiency": 1.9230769230769231, "violations": 3.8461538461538463}, "safety": {"obstacleHazardCost": 38.46153846153847}, "comfort": {"hardAccelerationPenalty": 38.46153846153846, "hardDecelerationPenalty": 38.46153846153846, "softLateralAccelerationPenalty": 38.46153846153846, "linearLateralAccelerationPenalty": 38.46153846153846, "accelerationChangePenalty": 38.46153846153846}, "efficiency": {"extraTimePenalty": 192.30769230769232}, "violations": {"speedLimitPenalty": 384.61538461538464}, "stimulus_created": false, "id": 40}