{"weights": {"safety": 4.545454545454545, "comfort": 3.1818181818181817, "efficiency": 0.4545454545454546, "violations": 1.8181818181818183}, "safety": {"obstacleHazardCost": 454.5454545454545}, "comfort": {"hardAccelerationPenalty": 318.1818181818182, "hardDecelerationPenalty": 318.1818181818182, "softLateralAccelerationPenalty": 318.1818181818182, "linearLateralAccelerationPenalty": 318.1818181818182, "accelerationChangePenalty": 318.1818181818182}, "efficiency": {"extraTimePenalty": 45.45454545454546}, "violations": {"speedLimitPenalty": 181.81818181818184}, "stimulus_created": false, "id": 41}