{"weights": {"safety": 2.727272727272727, "comfort": 2.727272727272727, "efficiency": 2.4242424242424243, "violations": 2.121212121212121}, "safety": {"obstacleHazardCost": 272.7272727272727}, "comfort": {"hardAccelerationPenalty": 27.27272727272727, "hardDecelerationPenalty": 27.27272727272727, "softLateralAccelerationPenalty": 27.27272727272727, "linearLateralAccelerationPenalty": 27.27272727272727, "accelerationChangePenalty": 27.27272727272727}, "efficiency": {"extraTimePenalty": 242.42424242424244}, "violations": {"speedLimitPenalty": 212.12121212121212}, "stimulus_created": false, "id": 42}