{"weights": {"safety": 1.4285714285714284, "comfort": 3.333333333333333, "efficiency": 3.8095238095238093, "violations": 1.4285714285714284}, "safety": {"obstacleHazardCost": 142.85714285714283}, "comfort": {"hardAccelerationPenalty": 333.3333333333333, "hardDecelerationPenalty": 333.3333333333333, "softLateralAccelerationPenalty": 333.3333333333333, "linearLateralAccelerationPenalty": 333.3333333333333, "accelerationChangePenalty": 333.3333333333333}, "efficiency": {"extraTimePenalty": 380.9523809523809}, "violations": {"speedLimitPenalty": 142.85714285714283}, "stimulus_created": false, "id": 43}