{"weights": {"safety": 0.5882352941176471, "comfort": 2.9411764705882355, "efficiency": 3.5294117647058827, "violations": 2.9411764705882355}, "safety": {"obstacleHazardCost": 58.82352941176471}, "comfort": {"hardAccelerationPenalty": 29.411764705882355, "hardDecelerationPenalty": 29.411764705882355, "softLateralAccelerationPenalty": 29.411764705882355, "linearLateralAccelerationPenalty": 29.411764705882355, "accelerationChangePenalty": 29.411764705882355}, "efficiency": {"extraTimePenalty": 352.9411764705883}, "violations": {"speedLimitPenalty": 294.11764705882354}, "stimulus_created": false, "id": 43}