{"weights": {"safety": 0.8333333333333333, "comfort": 3.333333333333333, "efficiency": 2.0833333333333335, "violations": 3.75}, "safety": {"obstacleHazardCost": 83.33333333333333}, "comfort": {"hardAccelerationPenalty": 33.33333333333333, "hardDecelerationPenalty": 33.33333333333333, "softLateralAccelerationPenalty": 33.33333333333333, "linearLateralAccelerationPenalty": 33.33333333333333, "accelerationChangePenalty": 33.33333333333333}, "efficiency": {"extraTimePenalty": 208.33333333333334}, "violations": {"speedLimitPenalty": 375.0}, "stimulus_created": false, "id": 44}