{"weights": {"safety": 1.7857142857142858, "comfort": 1.0714285714285714, "efficiency": 3.5714285714285716, "violations": 3.5714285714285716}, "safety": {"obstacleHazardCost": 178.57142857142858}, "comfort": {"hardAccelerationPenalty": 107.14285714285714, "hardDecelerationPenalty": 107.14285714285714, "softLateralAccelerationPenalty": 107.14285714285714, "linearLateralAccelerationPenalty": 107.14285714285714, "accelerationChangePenalty": 107.14285714285714}, "efficiency": {"extraTimePenalty": 357.14285714285717}, "violations": {"speedLimitPenalty": 357.14285714285717}, "stimulus_created": false, "id": 44}