{"weights": {"safety": 4.2105263157894735, "comfort": 3.6842105263157894, "efficiency": 1.0526315789473684, "violations": 1.0526315789473684}, "safety": {"obstacleHazardCost": 421.05263157894734}, "comfort": {"hardAccelerationPenalty": 36.84210526315789, "hardDecelerationPenalty": 36.84210526315789, "softLateralAccelerationPenalty": 36.84210526315789, "linearLateralAccelerationPenalty": 36.84210526315789, "accelerationChangePenalty": 36.84210526315789}, "efficiency": {"extraTimePenalty": 105.26315789473684}, "violations": {"speedLimitPenalty": 105.26315789473684}, "stimulus_created": false, "id": 45}