{"weights": {"safety": 1.1111111111111112, "comfort": 1.1111111111111112, "efficiency": 5.555555555555555, "violations": 2.2222222222222223}, "safety": {"obstacleHazardCost": 111.11111111111111}, "comfort": {"hardAccelerationPenalty": 111.11111111111111, "hardDecelerationPenalty": 111.11111111111111, "softLateralAccelerationPenalty": 111.11111111111111, "linearLateralAccelerationPenalty": 111.11111111111111, "accelerationChangePenalty": 111.11111111111111}, "efficiency": {"extraTimePenalty": 555.5555555555555}, "violations": {"speedLimitPenalty": 222.22222222222223}, "stimulus_created": false, "id": 47}