{"weights": {"safety": 3.4782608695652173, "comfort": 4.3478260869565215, "efficiency": 1.3043478260869565, "violations": 0.8695652173913043}, "safety": {"obstacleHazardCost": 347.82608695652175}, "comfort": {"hardAccelerationPenalty": 43.47826086956522, "hardDecelerationPenalty": 43.47826086956522, "softLateralAccelerationPenalty": 43.47826086956522, "linearLateralAccelerationPenalty": 43.47826086956522, "accelerationChangePenalty": 43.47826086956522}, "efficiency": {"extraTimePenalty": 130.43478260869566}, "violations": {"speedLimitPenalty": 86.95652173913044}, "stimulus_created": false, "id": 48}