{"weights": {"safety": 2.0588235294117645, "comfort": 2.6470588235294117, "efficiency": 2.9411764705882355, "violations": 2.3529411764705883}, "safety": {"obstacleHazardCost": 205.88235294117646}, "comfort": {"hardAccelerationPenalty": 264.70588235294116, "hardDecelerationPenalty": 264.70588235294116, "softLateralAccelerationPenalty": 264.70588235294116, "linearLateralAccelerationPenalty": 264.70588235294116, "accelerationChangePenalty": 264.70588235294116}, "efficiency": {"extraTimePenalty": 294.11764705882354}, "violations": {"speedLimitPenalty": 235.29411764705884}, "stimulus_created": false, "id": 48}