{"weights": {"safety": 0.5263157894736842, "comfort": 2.631578947368421, "efficiency": 2.1052631578947367, "violations": 4.7368421052631575}, "safety": {"obstacleHazardCost": 52.63157894736842}, "comfort": {"hardAccelerationPenalty": 26.31578947368421, "hardDecelerationPenalty": 26.31578947368421, "softLateralAccelerationPenalty": 26.31578947368421, "linearLateralAccelerationPenalty": 26.31578947368421, "accelerationChangePenalty": 26.31578947368421}, "efficiency": {"extraTimePenalty": 210.52631578947367}, "violations": {"speedLimitPenalty": 473.6842105263157}, "stimulus_created": false, "id": 49}