{"weights": {"safety": 3.076923076923077, "comfort": 3.076923076923077, "efficiency": 3.076923076923077, "violations": 0.7692307692307693}, "safety": {"obstacleHazardCost": 307.69230769230774}, "comfort": {"hardAccelerationPenalty": 307.69230769230774, "hardDecelerationPenalty": 307.69230769230774, "softLateralAccelerationPenalty": 307.69230769230774, "linearLateralAccelerationPenalty": 307.69230769230774, "accelerationChangePenalty": 307.69230769230774}, "efficiency": {"extraTimePenalty": 307.69230769230774}, "violations": {"speedLimitPenalty": 76.92307692307693}, "stimulus_created": false, "id": 49}