{"weights": {"safety": 1.0344827586206897, "comfort": 3.103448275862069, "efficiency": 3.103448275862069, "violations": 2.7586206896551726}, "safety": {"obstacleHazardCost": 103.44827586206897}, "comfort": {"hardAccelerationPenalty": 310.3448275862069, "hardDecelerationPenalty": 310.3448275862069, "softLateralAccelerationPenalty": 310.3448275862069, "linearLateralAccelerationPenalty": 310.3448275862069, "accelerationChangePenalty": 310.3448275862069}, "efficiency": {"extraTimePenalty": 310.3448275862069}, "violations": {"speedLimitPenalty": 275.86206896551727}, "stimulus_created": false, "id": 5}