{"weights": {"safety": 0.3571428571428571, "comfort": 3.5714285714285716, "efficiency": 2.5, "violations": 3.5714285714285716}, "safety": {"obstacleHazardCost": 35.71428571428571}, "comfort": {"hardAccelerationPenalty": 35.714285714285715, "hardDecelerationPenalty": 35.714285714285715, "softLateralAccelerationPenalty": 35.714285714285715, "linearLateralAccelerationPenalty": 35.714285714285715, "accelerationChangePenalty": 35.714285714285715}, "efficiency": {"extraTimePenalty": 250.0}, "violations": {"speedLimitPenalty": 357.14285714285717}, "stimulus_created": false, "id": 50}