{"weights": {"safety": 0.9523809523809523, "comfort": 2.8571428571428568, "efficiency": 2.380952380952381, "violations": 3.8095238095238093}, "safety": {"obstacleHazardCost": 95.23809523809523}, "comfort": {"hardAccelerationPenalty": 285.71428571428567, "hardDecelerationPenalty": 285.71428571428567, "softLateralAccelerationPenalty": 285.71428571428567, "linearLateralAccelerationPenalty": 285.71428571428567, "accelerationChangePenalty": 285.71428571428567}, "efficiency": {"extraTimePenalty": 238.0952380952381}, "violations": {"speedLimitPenalty": 380.9523809523809}, "stimulus_created": false, "id": 50}