{"weights": {"safety": 1.7391304347826086, "comfort": 2.1739130434782608, "efficiency": 2.608695652173913, "violations": 3.4782608695652173}, "safety": {"obstacleHazardCost": 173.91304347826087}, "comfort": {"hardAccelerationPenalty": 217.39130434782606, "hardDecelerationPenalty": 217.39130434782606, "softLateralAccelerationPenalty": 217.39130434782606, "linearLateralAccelerationPenalty": 217.39130434782606, "accelerationChangePenalty": 217.39130434782606}, "efficiency": {"extraTimePenalty": 260.8695652173913}, "violations": {"speedLimitPenalty": 347.82608695652175}, "stimulus_created": false, "id": 51}