{"weights": {"safety": 0.9523809523809523, "comfort": 4.285714285714286, "efficiency": 3.333333333333333, "violations": 1.4285714285714284}, "safety": {"obstacleHazardCost": 95.23809523809523}, "comfort": {"hardAccelerationPenalty": 42.857142857142854, "hardDecelerationPenalty": 42.857142857142854, "softLateralAccelerationPenalty": 42.857142857142854, "linearLateralAccelerationPenalty": 42.857142857142854, "accelerationChangePenalty": 42.857142857142854}, "efficiency": {"extraTimePenalty": 333.3333333333333}, "violations": {"speedLimitPenalty": 142.85714285714283}, "stimulus_created": false, "id": 51}