{"weights": {"safety": 3.8461538461538463, "comfort": 2.307692307692308, "efficiency": 1.9230769230769231, "violations": 1.9230769230769231}, "safety": {"obstacleHazardCost": 384.61538461538464}, "comfort": {"hardAccelerationPenalty": 23.07692307692308, "hardDecelerationPenalty": 23.07692307692308, "softLateralAccelerationPenalty": 23.07692307692308, "linearLateralAccelerationPenalty": 23.07692307692308, "accelerationChangePenalty": 23.07692307692308}, "efficiency": {"extraTimePenalty": 192.30769230769232}, "violations": {"speedLimitPenalty": 192.30769230769232}, "stimulus_created": false, "id": 52}