{"weights": {"safety": 3.9130434782608696, "comfort": 2.1739130434782608, "efficiency": 1.7391304347826086, "violations": 2.1739130434782608}, "safety": {"obstacleHazardCost": 391.30434782608694}, "comfort": {"hardAccelerationPenalty": 217.39130434782606, "hardDecelerationPenalty": 217.39130434782606, "softLateralAccelerationPenalty": 217.39130434782606, "linearLateralAccelerationPenalty": 217.39130434782606, "accelerationChangePenalty": 217.39130434782606}, "efficiency": {"extraTimePenalty": 173.91304347826087}, "violations": {"speedLimitPenalty": 217.39130434782606}, "stimulus_created": false, "id": 52}