{"weights": {"safety": 0.7407407407407407, "comfort": 3.7037037037037033, "efficiency": 2.962962962962963, "violations": 2.5925925925925926}, "safety": {"obstacleHazardCost": 74.07407407407408}, "comfort": {"hardAccelerationPenalty": 370.3703703703703, "hardDecelerationPenalty": 370.3703703703703, "softLateralAccelerationPenalty": 370.3703703703703, "linearLateralAccelerationPenalty": 370.3703703703703, "accelerationChangePenalty": 370.3703703703703}, "efficiency": {"extraTimePenalty": 296.2962962962963}, "violations": {"speedLimitPenalty": 259.25925925925924}, "stimulus_created": false, "id": 53}