{"weights": {"safety": 3.0, "comfort": 2.6666666666666665, "efficiency": 2.0, "violations": 2.3333333333333335}, "safety": {"obstacleHazardCost": 300.0}, "comfort": {"hardAccelerationPenalty": 26.666666666666664, "hardDecelerationPenalty": 26.666666666666664, "softLateralAccelerationPenalty": 26.666666666666664, "linearLateralAccelerationPenalty": 26.666666666666664, "accelerationChangePenalty": 26.666666666666664}, "efficiency": {"extraTimePenalty": 200.0}, "violations": {"speedLimitPenalty": 233.33333333333334}, "stimulus_created": false, "id": 53}