{"weights": {"safety": 2.0689655172413794, "comfort": 3.4482758620689657, "efficiency": 2.413793103448276, "violations": 2.0689655172413794}, "safety": {"obstacleHazardCost": 206.89655172413794}, "comfort": {"hardAccelerationPenalty": 344.82758620689657, "hardDecelerationPenalty": 344.82758620689657, "softLateralAccelerationPenalty": 344.82758620689657, "linearLateralAccelerationPenalty": 344.82758620689657, "accelerationChangePenalty": 344.82758620689657}, "efficiency": {"extraTimePenalty": 241.3793103448276}, "violations": {"speedLimitPenalty": 206.89655172413794}, "stimulus_created": false, "id": 54}