{"weights": {"safety": 1.7391304347826086, "comfort": 3.9130434782608696, "efficiency": 2.608695652173913, "violations": 1.7391304347826086}, "safety": {"obstacleHazardCost": 173.91304347826087}, "comfort": {"hardAccelerationPenalty": 39.130434782608695, "hardDecelerationPenalty": 39.130434782608695, "softLateralAccelerationPenalty": 39.130434782608695, "linearLateralAccelerationPenalty": 39.130434782608695, "accelerationChangePenalty": 39.130434782608695}, "efficiency": {"extraTimePenalty": 260.8695652173913}, "violations": {"speedLimitPenalty": 173.91304347826087}, "stimulus_created": false, "id": 55}