{"weights": {"safety": 3.103448275862069, "comfort": 0.6896551724137931, "efficiency": 2.7586206896551726, "violations": 3.4482758620689657}, "safety": {"obstacleHazardCost": 310.3448275862069}, "comfort": {"hardAccelerationPenalty": 68.96551724137932, "hardDecelerationPenalty": 68.96551724137932, "softLateralAccelerationPenalty": 68.96551724137932, "linearLateralAccelerationPenalty": 68.96551724137932, "accelerationChangePenalty": 68.96551724137932}, "efficiency": {"extraTimePenalty": 275.86206896551727}, "violations": {"speedLimitPenalty": 344.82758620689657}, "stimulus_created": false, "id": 55}