{"weights": {"safety": 3.8095238095238093, "comfort": 2.380952380952381, "efficiency": 1.4285714285714284, "violations": 2.380952380952381}, "safety": {"obstacleHazardCost": 380.9523809523809}, "comfort": {"hardAccelerationPenalty": 238.0952380952381, "hardDecelerationPenalty": 238.0952380952381, "softLateralAccelerationPenalty": 238.0952380952381, "linearLateralAccelerationPenalty": 238.0952380952381, "accelerationChangePenalty": 238.0952380952381}, "efficiency": {"extraTimePenalty": 142.85714285714283}, "violations": {"speedLimitPenalty": 238.0952380952381}, "stimulus_created": false, "id": 56}