{"weights": {"safety": 1.9047619047619047, "comfort": 1.9047619047619047, "efficiency": 2.8571428571428568, "violations": 3.333333333333333}, "safety": {"obstacleHazardCost": 190.47619047619045}, "comfort": {"hardAccelerationPenalty": 19.047619047619047, "hardDecelerationPenalty": 19.047619047619047, "softLateralAccelerationPenalty": 19.047619047619047, "linearLateralAccelerationPenalty": 19.047619047619047, "accelerationChangePenalty": 19.047619047619047}, "efficiency": {"extraTimePenalty": 285.71428571428567}, "violations": {"speedLimitPenalty": 333.3333333333333}, "stimulus_created": false, "id": 57}