{"weights": {"safety": 3.75, "comfort": 1.6666666666666665, "efficiency": 3.75, "violations": 0.8333333333333333}, "safety": {"obstacleHazardCost": 375.0}, "comfort": {"hardAccelerationPenalty": 16.666666666666664, "hardDecelerationPenalty": 16.666666666666664, "softLateralAccelerationPenalty": 16.666666666666664, "linearLateralAccelerationPenalty": 16.666666666666664, "accelerationChangePenalty": 16.666666666666664}, "efficiency": {"extraTimePenalty": 375.0}, "violations": {"speedLimitPenalty": 83.33333333333333}, "stimulus_created": false, "id": 58}