{"weights": {"safety": 1.7391304347826086, "comfort": 3.4782608695652173, "efficiency": 0.43478260869565216, "violations": 4.3478260869565215}, "safety": {"obstacleHazardCost": 173.91304347826087}, "comfort": {"hardAccelerationPenalty": 347.82608695652175, "hardDecelerationPenalty": 347.82608695652175, "softLateralAccelerationPenalty": 347.82608695652175, "linearLateralAccelerationPenalty": 347.82608695652175, "accelerationChangePenalty": 347.82608695652175}, "efficiency": {"extraTimePenalty": 43.47826086956522}, "violations": {"speedLimitPenalty": 434.78260869565213}, "stimulus_created": false, "id": 58}