{"weights": {"safety": 4.444444444444445, "comfort": 0.5555555555555556, "efficiency": 1.6666666666666665, "violations": 3.333333333333333}, "safety": {"obstacleHazardCost": 444.44444444444446}, "comfort": {"hardAccelerationPenalty": 5.555555555555555, "hardDecelerationPenalty": 5.555555555555555, "softLateralAccelerationPenalty": 5.555555555555555, "linearLateralAccelerationPenalty": 5.555555555555555, "accelerationChangePenalty": 5.555555555555555}, "efficiency": {"extraTimePenalty": 166.66666666666666}, "violations": {"speedLimitPenalty": 333.3333333333333}, "stimulus_created": false, "id": 59}