{"weights": {"safety": 3.0434782608695654, "comfort": 3.4782608695652173, "efficiency": 0.8695652173913043, "violations": 2.608695652173913}, "safety": {"obstacleHazardCost": 304.34782608695656}, "comfort": {"hardAccelerationPenalty": 347.82608695652175, "hardDecelerationPenalty": 347.82608695652175, "softLateralAccelerationPenalty": 347.82608695652175, "linearLateralAccelerationPenalty": 347.82608695652175, "accelerationChangePenalty": 347.82608695652175}, "efficiency": {"extraTimePenalty": 86.95652173913044}, "violations": {"speedLimitPenalty": 260.8695652173913}, "stimulus_created": false, "id": 6}