{"weights": {"safety": 4.705882352941177, "comfort": 1.7647058823529413, "efficiency": 1.1764705882352942, "violations": 2.3529411764705883}, "safety": {"obstacleHazardCost": 470.5882352941177}, "comfort": {"hardAccelerationPenalty": 176.47058823529414, "hardDecelerationPenalty": 176.47058823529414, "softLateralAccelerationPenalty": 176.47058823529414, "linearLateralAccelerationPenalty": 176.47058823529414, "accelerationChangePenalty": 176.47058823529414}, "efficiency": {"extraTimePenalty": 117.64705882352942}, "violations": {"speedLimitPenalty": 235.29411764705884}, "stimulus_created": false, "id": 60}