{"weights": {"safety": 0.5555555555555556, "comfort": 1.6666666666666665, "efficiency": 5.0, "violations": 2.7777777777777777}, "safety": {"obstacleHazardCost": 55.55555555555556}, "comfort": {"hardAccelerationPenalty": 166.66666666666666, "hardDecelerationPenalty": 166.66666666666666, "softLateralAccelerationPenalty": 166.66666666666666, "linearLateralAccelerationPenalty": 166.66666666666666, "accelerationChangePenalty": 166.66666666666666}, "efficiency": {"extraTimePenalty": 500.0}, "violations": {"speedLimitPenalty": 277.77777777777777}, "stimulus_created": false, "id": 61}