{"weights": {"safety": 1.0714285714285714, "comfort": 3.5714285714285716, "efficiency": 3.2142857142857144, "violations": 2.142857142857143}, "safety": {"obstacleHazardCost": 107.14285714285714}, "comfort": {"hardAccelerationPenalty": 35.714285714285715, "hardDecelerationPenalty": 35.714285714285715, "softLateralAccelerationPenalty": 35.714285714285715, "linearLateralAccelerationPenalty": 35.714285714285715, "accelerationChangePenalty": 35.714285714285715}, "efficiency": {"extraTimePenalty": 321.42857142857144}, "violations": {"speedLimitPenalty": 214.28571428571428}, "stimulus_created": false, "id": 61}