{"weights": {"safety": 4.3478260869565215, "comfort": 1.7391304347826086, "efficiency": 3.0434782608695654, "violations": 0.8695652173913043}, "safety": {"obstacleHazardCost": 434.78260869565213}, "comfort": {"hardAccelerationPenalty": 17.391304347826086, "hardDecelerationPenalty": 17.391304347826086, "softLateralAccelerationPenalty": 17.391304347826086, "linearLateralAccelerationPenalty": 17.391304347826086, "accelerationChangePenalty": 17.391304347826086}, "efficiency": {"extraTimePenalty": 304.34782608695656}, "violations": {"speedLimitPenalty": 86.95652173913044}, "stimulus_created": false, "id": 62}