{"weights": {"safety": 1.9047619047619047, "comfort": 3.8095238095238093, "efficiency": 3.8095238095238093, "violations": 0.47619047619047616}, "safety": {"obstacleHazardCost": 190.47619047619045}, "comfort": {"hardAccelerationPenalty": 380.9523809523809, "hardDecelerationPenalty": 380.9523809523809, "softLateralAccelerationPenalty": 380.9523809523809, "linearLateralAccelerationPenalty": 380.9523809523809, "accelerationChangePenalty": 380.9523809523809}, "efficiency": {"extraTimePenalty": 380.9523809523809}, "violations": {"speedLimitPenalty": 47.61904761904761}, "stimulus_created": false, "id": 64}