{"weights": {"safety": 0.4545454545454546, "comfort": 1.3636363636363635, "efficiency": 4.090909090909091, "violations": 4.090909090909091}, "safety": {"obstacleHazardCost": 45.45454545454546}, "comfort": {"hardAccelerationPenalty": 13.636363636363635, "hardDecelerationPenalty": 13.636363636363635, "softLateralAccelerationPenalty": 13.636363636363635, "linearLateralAccelerationPenalty": 13.636363636363635, "accelerationChangePenalty": 13.636363636363635}, "efficiency": {"extraTimePenalty": 409.09090909090907}, "violations": {"speedLimitPenalty": 409.09090909090907}, "stimulus_created": false, "id": 65}