{"weights": {"safety": 3.1818181818181817, "comfort": 1.3636363636363635, "efficiency": 2.727272727272727, "violations": 2.727272727272727}, "safety": {"obstacleHazardCost": 318.1818181818182}, "comfort": {"hardAccelerationPenalty": 136.36363636363635, "hardDecelerationPenalty": 136.36363636363635, "softLateralAccelerationPenalty": 136.36363636363635, "linearLateralAccelerationPenalty": 136.36363636363635, "accelerationChangePenalty": 136.36363636363635}, "efficiency": {"extraTimePenalty": 272.7272727272727}, "violations": {"speedLimitPenalty": 272.7272727272727}, "stimulus_created": false, "id": 65}