{"weights": {"safety": 0.43478260869565216, "comfort": 3.9130434782608696, "efficiency": 2.608695652173913, "violations": 3.0434782608695654}, "safety": {"obstacleHazardCost": 43.47826086956522}, "comfort": {"hardAccelerationPenalty": 391.30434782608694, "hardDecelerationPenalty": 391.30434782608694, "softLateralAccelerationPenalty": 391.30434782608694, "linearLateralAccelerationPenalty": 391.30434782608694, "accelerationChangePenalty": 391.30434782608694}, "efficiency": {"extraTimePenalty": 260.8695652173913}, "violations": {"speedLimitPenalty": 304.34782608695656}, "stimulus_created": false, "id": 66}