{"weights": {"safety": 0.9090909090909092, "comfort": 2.727272727272727, "efficiency": 4.545454545454545, "violations": 1.8181818181818183}, "safety": {"obstacleHazardCost": 90.90909090909092}, "comfort": {"hardAccelerationPenalty": 27.27272727272727, "hardDecelerationPenalty": 27.27272727272727, "softLateralAccelerationPenalty": 27.27272727272727, "linearLateralAccelerationPenalty": 27.27272727272727, "accelerationChangePenalty": 27.27272727272727}, "efficiency": {"extraTimePenalty": 454.5454545454545}, "violations": {"speedLimitPenalty": 181.81818181818184}, "stimulus_created": false, "id": 66}