{"weights": {"safety": 4.117647058823529, "comfort": 1.1764705882352942, "efficiency": 0.5882352941176471, "violations": 4.117647058823529}, "safety": {"obstacleHazardCost": 411.7647058823529}, "comfort": {"hardAccelerationPenalty": 117.64705882352942, "hardDecelerationPenalty": 117.64705882352942, "softLateralAccelerationPenalty": 117.64705882352942, "linearLateralAccelerationPenalty": 117.64705882352942, "accelerationChangePenalty": 117.64705882352942}, "efficiency": {"extraTimePenalty": 58.82352941176471}, "violations": {"speedLimitPenalty": 411.7647058823529}, "stimulus_created": false, "id": 67}