{"weights": {"safety": 0.47619047619047616, "comfort": 3.8095238095238093, "efficiency": 4.761904761904762, "violations": 0.9523809523809523}, "safety": {"obstacleHazardCost": 47.61904761904761}, "comfort": {"hardAccelerationPenalty": 380.9523809523809, "hardDecelerationPenalty": 380.9523809523809, "softLateralAccelerationPenalty": 380.9523809523809, "linearLateralAccelerationPenalty": 380.9523809523809, "accelerationChangePenalty": 380.9523809523809}, "efficiency": {"extraTimePenalty": 476.1904761904762}, "violations": {"speedLimitPenalty": 95.23809523809523}, "stimulus_created": false, "id": 68}