{"weights": {"safety": 1.8181818181818183, "comfort": 2.727272727272727, "efficiency": 4.090909090909091, "violations": 1.3636363636363635}, "safety": {"obstacleHazardCost": 181.81818181818184}, "comfort": {"hardAccelerationPenalty": 272.7272727272727, "hardDecelerationPenalty": 272.7272727272727, "softLateralAccelerationPenalty": 272.7272727272727, "linearLateralAccelerationPenalty": 272.7272727272727, "accelerationChangePenalty": 272.7272727272727}, "efficiency": {"extraTimePenalty": 409.09090909090907}, "violations": {"speedLimitPenalty": 136.36363636363635}, "stimulus_created": false, "id": 69}