{"weights": {"safety": 2.3529411764705883, "comfort": 5.294117647058823, "efficiency": 1.7647058823529413, "violations": 0.5882352941176471}, "safety": {"obstacleHazardCost": 235.29411764705884}, "comfort": {"hardAccelerationPenalty": 52.94117647058823, "hardDecelerationPenalty": 52.94117647058823, "softLateralAccelerationPenalty": 52.94117647058823, "linearLateralAccelerationPenalty": 52.94117647058823, "accelerationChangePenalty": 52.94117647058823}, "efficiency": {"extraTimePenalty": 176.47058823529414}, "violations": {"speedLimitPenalty": 58.82352941176471}, "stimulus_created": false, "id": 69}