{"weights": {"safety": 0.6896551724137931, "comfort": 3.103448275862069, "efficiency": 2.7586206896551726, "violations": 3.4482758620689657}, "safety": {"obstacleHazardCost": 68.96551724137932}, "comfort": {"hardAccelerationPenalty": 310.3448275862069, "hardDecelerationPenalty": 310.3448275862069, "softLateralAccelerationPenalty": 310.3448275862069, "linearLateralAccelerationPenalty": 310.3448275862069, "accelerationChangePenalty": 310.3448275862069}, "efficiency": {"extraTimePenalty": 275.86206896551727}, "violations": {"speedLimitPenalty": 344.82758620689657}, "stimulus_created": false, "id": 7}