{"weights": {"safety": 1.0714285714285714, "comfort": 3.2142857142857144, "efficiency": 3.2142857142857144, "violations": 2.5}, "safety": {"obstacleHazardCost": 107.14285714285714}, "comfort": {"hardAccelerationPenalty": 32.142857142857146, "hardDecelerationPenalty": 32.142857142857146, "softLateralAccelerationPenalty": 32.142857142857146, "linearLateralAccelerationPenalty": 32.142857142857146, "accelerationChangePenalty": 32.142857142857146}, "efficiency": {"extraTimePenalty": 321.42857142857144}, "violations": {"speedLimitPenalty": 250.0}, "stimulus_created": false, "id": 70}