{"weights": {"safety": 0.47619047619047616, "comfort": 2.8571428571428568, "efficiency": 3.8095238095238093, "violations": 2.8571428571428568}, "safety": {"obstacleHazardCost": 47.61904761904761}, "comfort": {"hardAccelerationPenalty": 285.71428571428567, "hardDecelerationPenalty": 285.71428571428567, "softLateralAccelerationPenalty": 285.71428571428567, "linearLateralAccelerationPenalty": 285.71428571428567, "accelerationChangePenalty": 285.71428571428567}, "efficiency": {"extraTimePenalty": 380.9523809523809}, "violations": {"speedLimitPenalty": 285.71428571428567}, "stimulus_created": false, "id": 70}