{"weights": {"safety": 3.5714285714285716, "comfort": 0.3571428571428571, "efficiency": 3.5714285714285716, "violations": 2.5}, "safety": {"obstacleHazardCost": 357.14285714285717}, "comfort": {"hardAccelerationPenalty": 3.571428571428571, "hardDecelerationPenalty": 3.571428571428571, "softLateralAccelerationPenalty": 3.571428571428571, "linearLateralAccelerationPenalty": 3.571428571428571, "accelerationChangePenalty": 3.571428571428571}, "efficiency": {"extraTimePenalty": 357.14285714285717}, "violations": {"speedLimitPenalty": 250.0}, "stimulus_created": false, "id": 71}