{"weights": {"safety": 1.3333333333333333, "comfort": 3.333333333333333, "efficiency": 3.333333333333333, "violations": 2.0}, "safety": {"obstacleHazardCost": 133.33333333333331}, "comfort": {"hardAccelerationPenalty": 333.3333333333333, "hardDecelerationPenalty": 333.3333333333333, "softLateralAccelerationPenalty": 333.3333333333333, "linearLateralAccelerationPenalty": 333.3333333333333, "accelerationChangePenalty": 333.3333333333333}, "efficiency": {"extraTimePenalty": 333.3333333333333}, "violations": {"speedLimitPenalty": 200.0}, "stimulus_created": false, "id": 71}