{"weights": {"safety": 3.103448275862069, "comfort": 3.4482758620689657, "efficiency": 2.413793103448276, "violations": 1.0344827586206897}, "safety": {"obstacleHazardCost": 310.3448275862069}, "comfort": {"hardAccelerationPenalty": 344.82758620689657, "hardDecelerationPenalty": 344.82758620689657, "softLateralAccelerationPenalty": 344.82758620689657, "linearLateralAccelerationPenalty": 344.82758620689657, "accelerationChangePenalty": 344.82758620689657}, "efficiency": {"extraTimePenalty": 241.3793103448276}, "violations": {"speedLimitPenalty": 103.44827586206897}, "stimulus_created": false, "id": 72}