{"weights": {"safety": 4.117647058823529, "comfort": 2.9411764705882355, "efficiency": 1.7647058823529413, "violations": 1.1764705882352942}, "safety": {"obstacleHazardCost": 411.7647058823529}, "comfort": {"hardAccelerationPenalty": 29.411764705882355, "hardDecelerationPenalty": 29.411764705882355, "softLateralAccelerationPenalty": 29.411764705882355, "linearLateralAccelerationPenalty": 29.411764705882355, "accelerationChangePenalty": 29.411764705882355}, "efficiency": {"extraTimePenalty": 176.47058823529414}, "violations": {"speedLimitPenalty": 117.64705882352942}, "stimulus_created": false, "id": 72}