{"weights": {"safety": 2.6666666666666665, "comfort": 1.3333333333333333, "efficiency": 2.0, "violations": 4.0}, "safety": {"obstacleHazardCost": 266.66666666666663}, "comfort": {"hardAccelerationPenalty": 133.33333333333331, "hardDecelerationPenalty": 133.33333333333331, "softLateralAccelerationPenalty": 133.33333333333331, "linearLateralAccelerationPenalty": 133.33333333333331, "accelerationChangePenalty": 133.33333333333331}, "efficiency": {"extraTimePenalty": 200.0}, "violations": {"speedLimitPenalty": 400.0}, "stimulus_created": false, "id": 74}