{"weights": {"safety": 3.4782608695652173, "comfort": 0.43478260869565216, "efficiency": 4.3478260869565215, "violations": 1.7391304347826086}, "safety": {"obstacleHazardCost": 347.82608695652175}, "comfort": {"hardAccelerationPenalty": 4.3478260869565215, "hardDecelerationPenalty": 4.3478260869565215, "softLateralAccelerationPenalty": 4.3478260869565215, "linearLateralAccelerationPenalty": 4.3478260869565215, "accelerationChangePenalty": 4.3478260869565215}, "efficiency": {"extraTimePenalty": 434.78260869565213}, "violations": {"speedLimitPenalty": 173.91304347826087}, "stimulus_created": false, "id": 74}