{"weights": {"safety": 3.0303030303030303, "comfort": 1.2121212121212122, "efficiency": 2.727272727272727, "violations": 3.0303030303030303}, "safety": {"obstacleHazardCost": 303.030303030303}, "comfort": {"hardAccelerationPenalty": 12.121212121212121, "hardDecelerationPenalty": 12.121212121212121, "softLateralAccelerationPenalty": 12.121212121212121, "linearLateralAccelerationPenalty": 12.121212121212121, "accelerationChangePenalty": 12.121212121212121}, "efficiency": {"extraTimePenalty": 272.7272727272727}, "violations": {"speedLimitPenalty": 303.030303030303}, "stimulus_created": false, "id": 75}