{"weights": {"safety": 2.307692307692308, "comfort": 3.8461538461538463, "efficiency": 0.7692307692307693, "violations": 3.076923076923077}, "safety": {"obstacleHazardCost": 230.7692307692308}, "comfort": {"hardAccelerationPenalty": 384.61538461538464, "hardDecelerationPenalty": 384.61538461538464, "softLateralAccelerationPenalty": 384.61538461538464, "linearLateralAccelerationPenalty": 384.61538461538464, "accelerationChangePenalty": 384.61538461538464}, "efficiency": {"extraTimePenalty": 76.92307692307693}, "violations": {"speedLimitPenalty": 307.69230769230774}, "stimulus_created": false, "id": 75}