{"weights": {"safety": 5.333333333333333, "comfort": 1.3333333333333333, "efficiency": 2.0, "violations": 1.3333333333333333}, "safety": {"obstacleHazardCost": 533.3333333333333}, "comfort": {"hardAccelerationPenalty": 13.333333333333332, "hardDecelerationPenalty": 13.333333333333332, "softLateralAccelerationPenalty": 13.333333333333332, "linearLateralAccelerationPenalty": 13.333333333333332, "accelerationChangePenalty": 13.333333333333332}, "efficiency": {"extraTimePenalty": 200.0}, "violations": {"speedLimitPenalty": 133.33333333333331}, "stimulus_created": false, "id": 76}