{"weights": {"safety": 1.8518518518518516, "comfort": 3.7037037037037033, "efficiency": 3.333333333333333, "violations": 1.1111111111111112}, "safety": {"obstacleHazardCost": 185.18518518518516}, "comfort": {"hardAccelerationPenalty": 370.3703703703703, "hardDecelerationPenalty": 370.3703703703703, "softLateralAccelerationPenalty": 370.3703703703703, "linearLateralAccelerationPenalty": 370.3703703703703, "accelerationChangePenalty": 370.3703703703703}, "efficiency": {"extraTimePenalty": 333.3333333333333}, "violations": {"speedLimitPenalty": 111.11111111111111}, "stimulus_created": false, "id": 76}