{"weights": {"safety": 1.3333333333333333, "comfort": 4.666666666666667, "efficiency": 3.333333333333333, "violations": 0.6666666666666666}, "safety": {"obstacleHazardCost": 133.33333333333331}, "comfort": {"hardAccelerationPenalty": 46.66666666666667, "hardDecelerationPenalty": 46.66666666666667, "softLateralAccelerationPenalty": 46.66666666666667, "linearLateralAccelerationPenalty": 46.66666666666667, "accelerationChangePenalty": 46.66666666666667}, "efficiency": {"extraTimePenalty": 333.3333333333333}, "violations": {"speedLimitPenalty": 66.66666666666666}, "stimulus_created": false, "id": 77}