{"weights": {"safety": 2.3529411764705883, "comfort": 1.1764705882352942, "efficiency": 1.7647058823529413, "violations": 4.705882352941177}, "safety": {"obstacleHazardCost": 235.29411764705884}, "comfort": {"hardAccelerationPenalty": 117.64705882352942, "hardDecelerationPenalty": 117.64705882352942, "softLateralAccelerationPenalty": 117.64705882352942, "linearLateralAccelerationPenalty": 117.64705882352942, "accelerationChangePenalty": 117.64705882352942}, "efficiency": {"extraTimePenalty": 176.47058823529414}, "violations": {"speedLimitPenalty": 470.5882352941177}, "stimulus_created": false, "id": 77}