{"weights": {"safety": 1.3636363636363635, "comfort": 2.727272727272727, "efficiency": 3.1818181818181817, "violations": 2.727272727272727}, "safety": {"obstacleHazardCost": 136.36363636363635}, "comfort": {"hardAccelerationPenalty": 272.7272727272727, "hardDecelerationPenalty": 272.7272727272727, "softLateralAccelerationPenalty": 272.7272727272727, "linearLateralAccelerationPenalty": 272.7272727272727, "accelerationChangePenalty": 272.7272727272727}, "efficiency": {"extraTimePenalty": 318.1818181818182}, "violations": {"speedLimitPenalty": 272.7272727272727}, "stimulus_created": false, "id": 78}