{"weights": {"safety": 1.4285714285714284, "comfort": 2.142857142857143, "efficiency": 2.142857142857143, "violations": 4.285714285714286}, "safety": {"obstacleHazardCost": 142.85714285714283}, "comfort": {"hardAccelerationPenalty": 21.428571428571427, "hardDecelerationPenalty": 21.428571428571427, "softLateralAccelerationPenalty": 21.428571428571427, "linearLateralAccelerationPenalty": 21.428571428571427, "accelerationChangePenalty": 21.428571428571427}, "efficiency": {"extraTimePenalty": 214.28571428571428}, "violations": {"speedLimitPenalty": 428.57142857142856}, "stimulus_created": false, "id": 78}