{"weights": {"safety": 2.413793103448276, "comfort": 2.7586206896551726, "efficiency": 2.0689655172413794, "violations": 2.7586206896551726}, "safety": {"obstacleHazardCost": 241.3793103448276}, "comfort": {"hardAccelerationPenalty": 27.586206896551726, "hardDecelerationPenalty": 27.586206896551726, "softLateralAccelerationPenalty": 27.586206896551726, "linearLateralAccelerationPenalty": 27.586206896551726, "accelerationChangePenalty": 27.586206896551726}, "efficiency": {"extraTimePenalty": 206.89655172413794}, "violations": {"speedLimitPenalty": 275.86206896551727}, "stimulus_created": false, "id": 79}