{"weights": {"safety": 3.333333333333333, "comfort": 1.6666666666666665, "efficiency": 3.75, "violations": 1.25}, "safety": {"obstacleHazardCost": 333.3333333333333}, "comfort": {"hardAccelerationPenalty": 166.66666666666666, "hardDecelerationPenalty": 166.66666666666666, "softLateralAccelerationPenalty": 166.66666666666666, "linearLateralAccelerationPenalty": 166.66666666666666, "accelerationChangePenalty": 166.66666666666666}, "efficiency": {"extraTimePenalty": 375.0}, "violations": {"speedLimitPenalty": 125.0}, "stimulus_created": false, "id": 8}