{"weights": {"safety": 3.7037037037037033, "comfort": 2.962962962962963, "efficiency": 2.2222222222222223, "violations": 1.1111111111111112}, "safety": {"obstacleHazardCost": 370.3703703703703}, "comfort": {"hardAccelerationPenalty": 29.629629629629626, "hardDecelerationPenalty": 29.629629629629626, "softLateralAccelerationPenalty": 29.629629629629626, "linearLateralAccelerationPenalty": 29.629629629629626, "accelerationChangePenalty": 29.629629629629626}, "efficiency": {"extraTimePenalty": 222.22222222222223}, "violations": {"speedLimitPenalty": 111.11111111111111}, "stimulus_created": false, "id": 8}