{"weights": {"safety": 3.4615384615384617, "comfort": 2.307692307692308, "efficiency": 3.4615384615384617, "violations": 0.7692307692307693}, "safety": {"obstacleHazardCost": 346.1538461538462}, "comfort": {"hardAccelerationPenalty": 23.07692307692308, "hardDecelerationPenalty": 23.07692307692308, "softLateralAccelerationPenalty": 23.07692307692308, "linearLateralAccelerationPenalty": 23.07692307692308, "accelerationChangePenalty": 23.07692307692308}, "efficiency": {"extraTimePenalty": 346.1538461538462}, "violations": {"speedLimitPenalty": 76.92307692307693}, "stimulus_created": false, "id": 80}