{"weights": {"safety": 1.7391304347826086, "comfort": 2.1739130434782608, "efficiency": 3.9130434782608696, "violations": 2.1739130434782608}, "safety": {"obstacleHazardCost": 173.91304347826087}, "comfort": {"hardAccelerationPenalty": 217.39130434782606, "hardDecelerationPenalty": 217.39130434782606, "softLateralAccelerationPenalty": 217.39130434782606, "linearLateralAccelerationPenalty": 217.39130434782606, "accelerationChangePenalty": 217.39130434782606}, "efficiency": {"extraTimePenalty": 391.30434782608694}, "violations": {"speedLimitPenalty": 217.39130434782606}, "stimulus_created": false, "id": 81}