{"weights": {"safety": 0.6666666666666666, "comfort": 1.3333333333333333, "efficiency": 2.6666666666666665, "violations": 5.333333333333333}, "safety": {"obstacleHazardCost": 66.66666666666666}, "comfort": {"hardAccelerationPenalty": 13.333333333333332, "hardDecelerationPenalty": 13.333333333333332, "softLateralAccelerationPenalty": 13.333333333333332, "linearLateralAccelerationPenalty": 13.333333333333332, "accelerationChangePenalty": 13.333333333333332}, "efficiency": {"extraTimePenalty": 266.66666666666663}, "violations": {"speedLimitPenalty": 533.3333333333333}, "stimulus_created": false, "id": 82}