{"weights": {"safety": 1.5384615384615385, "comfort": 2.692307692307692, "efficiency": 2.307692307692308, "violations": 3.4615384615384617}, "safety": {"obstacleHazardCost": 153.84615384615387}, "comfort": {"hardAccelerationPenalty": 269.2307692307692, "hardDecelerationPenalty": 269.2307692307692, "softLateralAccelerationPenalty": 269.2307692307692, "linearLateralAccelerationPenalty": 269.2307692307692, "accelerationChangePenalty": 269.2307692307692}, "efficiency": {"extraTimePenalty": 230.7692307692308}, "violations": {"speedLimitPenalty": 346.1538461538462}, "stimulus_created": false, "id": 82}