{"weights": {"safety": 0.6451612903225806, "comfort": 2.903225806451613, "efficiency": 3.225806451612903, "violations": 3.225806451612903}, "safety": {"obstacleHazardCost": 64.51612903225806}, "comfort": {"hardAccelerationPenalty": 290.3225806451613, "hardDecelerationPenalty": 290.3225806451613, "softLateralAccelerationPenalty": 290.3225806451613, "linearLateralAccelerationPenalty": 290.3225806451613, "accelerationChangePenalty": 290.3225806451613}, "efficiency": {"extraTimePenalty": 322.5806451612903}, "violations": {"speedLimitPenalty": 322.5806451612903}, "stimulus_created": false, "id": 83}