{"weights": {"safety": 1.3043478260869565, "comfort": 3.4782608695652173, "efficiency": 2.608695652173913, "violations": 2.608695652173913}, "safety": {"obstacleHazardCost": 130.43478260869566}, "comfort": {"hardAccelerationPenalty": 347.82608695652175, "hardDecelerationPenalty": 347.82608695652175, "softLateralAccelerationPenalty": 347.82608695652175, "linearLateralAccelerationPenalty": 347.82608695652175, "accelerationChangePenalty": 347.82608695652175}, "efficiency": {"extraTimePenalty": 260.8695652173913}, "violations": {"speedLimitPenalty": 260.8695652173913}, "stimulus_created": false, "id": 84}