{"weights": {"safety": 1.8181818181818183, "comfort": 0.9090909090909092, "efficiency": 4.545454545454545, "violations": 2.727272727272727}, "safety": {"obstacleHazardCost": 181.81818181818184}, "comfort": {"hardAccelerationPenalty": 9.090909090909092, "hardDecelerationPenalty": 9.090909090909092, "softLateralAccelerationPenalty": 9.090909090909092, "linearLateralAccelerationPenalty": 9.090909090909092, "accelerationChangePenalty": 9.090909090909092}, "efficiency": {"extraTimePenalty": 454.5454545454545}, "violations": {"speedLimitPenalty": 272.7272727272727}, "stimulus_created": false, "id": 84}