{"weights": {"safety": 2.3333333333333335, "comfort": 2.6666666666666665, "efficiency": 2.3333333333333335, "violations": 2.6666666666666665}, "safety": {"obstacleHazardCost": 233.33333333333334}, "comfort": {"hardAccelerationPenalty": 266.66666666666663, "hardDecelerationPenalty": 266.66666666666663, "softLateralAccelerationPenalty": 266.66666666666663, "linearLateralAccelerationPenalty": 266.66666666666663, "accelerationChangePenalty": 266.66666666666663}, "efficiency": {"extraTimePenalty": 233.33333333333334}, "violations": {"speedLimitPenalty": 266.66666666666663}, "stimulus_created": false, "id": 85}