{"weights": {"safety": 1.7391304347826086, "comfort": 0.8695652173913043, "efficiency": 3.9130434782608696, "violations": 3.4782608695652173}, "safety": {"obstacleHazardCost": 173.91304347826087}, "comfort": {"hardAccelerationPenalty": 8.695652173913043, "hardDecelerationPenalty": 8.695652173913043, "softLateralAccelerationPenalty": 8.695652173913043, "linearLateralAccelerationPenalty": 8.695652173913043, "accelerationChangePenalty": 8.695652173913043}, "efficiency": {"extraTimePenalty": 391.30434782608694}, "violations": {"speedLimitPenalty": 347.82608695652175}, "stimulus_created": false, "id": 85}