{"weights": {"safety": 1.9047619047619047, "comfort": 1.4285714285714284, "efficiency": 4.761904761904762, "violations": 1.9047619047619047}, "safety": {"obstacleHazardCost": 190.47619047619045}, "comfort": {"hardAccelerationPenalty": 142.85714285714283, "hardDecelerationPenalty": 142.85714285714283, "softLateralAccelerationPenalty": 142.85714285714283, "linearLateralAccelerationPenalty": 142.85714285714283, "accelerationChangePenalty": 142.85714285714283}, "efficiency": {"extraTimePenalty": 476.1904761904762}, "violations": {"speedLimitPenalty": 190.47619047619045}, "stimulus_created": false, "id": 86}