{"weights": {"safety": 1.0526315789473684, "comfort": 2.1052631578947367, "efficiency": 3.1578947368421053, "violations": 3.6842105263157894}, "safety": {"obstacleHazardCost": 105.26315789473684}, "comfort": {"hardAccelerationPenalty": 21.052631578947366, "hardDecelerationPenalty": 21.052631578947366, "softLateralAccelerationPenalty": 21.052631578947366, "linearLateralAccelerationPenalty": 21.052631578947366, "accelerationChangePenalty": 21.052631578947366}, "efficiency": {"extraTimePenalty": 315.7894736842105}, "violations": {"speedLimitPenalty": 368.42105263157896}, "stimulus_created": false, "id": 86}