{"weights": {"safety": 2.0833333333333335, "comfort": 2.0833333333333335, "efficiency": 2.0833333333333335, "violations": 3.75}, "safety": {"obstacleHazardCost": 208.33333333333334}, "comfort": {"hardAccelerationPenalty": 20.833333333333336, "hardDecelerationPenalty": 20.833333333333336, "softLateralAccelerationPenalty": 20.833333333333336, "linearLateralAccelerationPenalty": 20.833333333333336, "accelerationChangePenalty": 20.833333333333336}, "efficiency": {"extraTimePenalty": 208.33333333333334}, "violations": {"speedLimitPenalty": 375.0}, "stimulus_created": false, "id": 87}