{"weights": {"safety": 3.333333333333333, "comfort": 2.916666666666667, "efficiency": 1.25, "violations": 2.5}, "safety": {"obstacleHazardCost": 333.3333333333333}, "comfort": {"hardAccelerationPenalty": 291.6666666666667, "hardDecelerationPenalty": 291.6666666666667, "softLateralAccelerationPenalty": 291.6666666666667, "linearLateralAccelerationPenalty": 291.6666666666667, "accelerationChangePenalty": 291.6666666666667}, "efficiency": {"extraTimePenalty": 125.0}, "violations": {"speedLimitPenalty": 250.0}, "stimulus_created": false, "id": 87}