{"weights": {"safety": 3.333333333333333, "comfort": 1.3333333333333333, "efficiency": 2.6666666666666665, "violations": 2.6666666666666665}, "safety": {"obstacleHazardCost": 333.3333333333333}, "comfort": {"hardAccelerationPenalty": 133.33333333333331, "hardDecelerationPenalty": 133.33333333333331, "softLateralAccelerationPenalty": 133.33333333333331, "linearLateralAccelerationPenalty": 133.33333333333331, "accelerationChangePenalty": 133.33333333333331}, "efficiency": {"extraTimePenalty": 266.66666666666663}, "violations": {"speedLimitPenalty": 266.66666666666663}, "stimulus_created": false, "id": 88}