{"weights": {"safety": 0.5263157894736842, "comfort": 3.1578947368421053, "efficiency": 3.1578947368421053, "violations": 3.1578947368421053}, "safety": {"obstacleHazardCost": 52.63157894736842}, "comfort": {"hardAccelerationPenalty": 31.578947368421055, "hardDecelerationPenalty": 31.578947368421055, "softLateralAccelerationPenalty": 31.578947368421055, "linearLateralAccelerationPenalty": 31.578947368421055, "accelerationChangePenalty": 31.578947368421055}, "efficiency": {"extraTimePenalty": 315.7894736842105}, "violations": {"speedLimitPenalty": 315.7894736842105}, "stimulus_created": false, "id": 88}