{"weights": {"safety": 2.380952380952381, "comfort": 3.8095238095238093, "efficiency": 0.47619047619047616, "violations": 3.333333333333333}, "safety": {"obstacleHazardCost": 238.0952380952381}, "comfort": {"hardAccelerationPenalty": 38.095238095238095, "hardDecelerationPenalty": 38.095238095238095, "softLateralAccelerationPenalty": 38.095238095238095, "linearLateralAccelerationPenalty": 38.095238095238095, "accelerationChangePenalty": 38.095238095238095}, "efficiency": {"extraTimePenalty": 47.61904761904761}, "violations": {"speedLimitPenalty": 333.3333333333333}, "stimulus_created": false, "id": 89}