{"weights": {"safety": 1.1764705882352942, "comfort": 1.7647058823529413, "efficiency": 1.7647058823529413, "violations": 5.294117647058823}, "safety": {"obstacleHazardCost": 117.64705882352942}, "comfort": {"hardAccelerationPenalty": 176.47058823529414, "hardDecelerationPenalty": 176.47058823529414, "softLateralAccelerationPenalty": 176.47058823529414, "linearLateralAccelerationPenalty": 176.47058823529414, "accelerationChangePenalty": 176.47058823529414}, "efficiency": {"extraTimePenalty": 176.47058823529414}, "violations": {"speedLimitPenalty": 529.4117647058823}, "stimulus_created": false, "id": 89}