{"weights": {"safety": 3.0, "comfort": 3.333333333333333, "efficiency": 3.0, "violations": 0.6666666666666666}, "safety": {"obstacleHazardCost": 300.0}, "comfort": {"hardAccelerationPenalty": 33.33333333333333, "hardDecelerationPenalty": 33.33333333333333, "softLateralAccelerationPenalty": 33.33333333333333, "linearLateralAccelerationPenalty": 33.33333333333333, "accelerationChangePenalty": 33.33333333333333}, "efficiency": {"extraTimePenalty": 300.0}, "violations": {"speedLimitPenalty": 66.66666666666666}, "stimulus_created": false, "id": 9}