{"weights": {"safety": 0.47619047619047616, "comfort": 3.333333333333333, "efficiency": 2.8571428571428568, "violations": 3.333333333333333}, "safety": {"obstacleHazardCost": 47.61904761904761}, "comfort": {"hardAccelerationPenalty": 333.3333333333333, "hardDecelerationPenalty": 333.3333333333333, "softLateralAccelerationPenalty": 333.3333333333333, "linearLateralAccelerationPenalty": 333.3333333333333, "accelerationChangePenalty": 333.3333333333333}, "efficiency": {"extraTimePenalty": 285.71428571428567}, "violations": {"speedLimitPenalty": 333.3333333333333}, "stimulus_created": false, "id": 9}