{"weights": {"safety": 4.0, "comfort": 2.6666666666666665, "efficiency": 2.0, "violations": 1.3333333333333333}, "safety": {"obstacleHazardCost": 400.0}, "comfort": {"hardAccelerationPenalty": 266.66666666666663, "hardDecelerationPenalty": 266.66666666666663, "softLateralAccelerationPenalty": 266.66666666666663, "linearLateralAccelerationPenalty": 266.66666666666663, "accelerationChangePenalty": 266.66666666666663}, "efficiency": {"extraTimePenalty": 200.0}, "violations": {"speedLimitPenalty": 133.33333333333331}, "stimulus_created": false, "id": 91}