{"weights": {"safety": 1.153846153846154, "comfort": 3.8461538461538463, "efficiency": 2.307692307692308, "violations": 2.692307692307692}, "safety": {"obstacleHazardCost": 115.3846153846154}, "comfort": {"hardAccelerationPenalty": 38.46153846153846, "hardDecelerationPenalty": 38.46153846153846, "softLateralAccelerationPenalty": 38.46153846153846, "linearLateralAccelerationPenalty": 38.46153846153846, "accelerationChangePenalty": 38.46153846153846}, "efficiency": {"extraTimePenalty": 230.7692307692308}, "violations": {"speedLimitPenalty": 269.2307692307692}, "stimulus_created": false, "id": 91}