{"weights": {"safety": 2.8571428571428568, "comfort": 1.9047619047619047, "efficiency": 0.47619047619047616, "violations": 4.761904761904762}, "safety": {"obstacleHazardCost": 285.71428571428567}, "comfort": {"hardAccelerationPenalty": 19.047619047619047, "hardDecelerationPenalty": 19.047619047619047, "softLateralAccelerationPenalty": 19.047619047619047, "linearLateralAccelerationPenalty": 19.047619047619047, "accelerationChangePenalty": 19.047619047619047}, "efficiency": {"extraTimePenalty": 47.61904761904761}, "violations": {"speedLimitPenalty": 476.1904761904762}, "stimulus_created": false, "id": 92}