{"weights": {"safety": 2.727272727272727, "comfort": 2.727272727272727, "efficiency": 0.9090909090909092, "violations": 3.6363636363636367}, "safety": {"obstacleHazardCost": 272.7272727272727}, "comfort": {"hardAccelerationPenalty": 272.7272727272727, "hardDecelerationPenalty": 272.7272727272727, "softLateralAccelerationPenalty": 272.7272727272727, "linearLateralAccelerationPenalty": 272.7272727272727, "accelerationChangePenalty": 272.7272727272727}, "efficiency": {"extraTimePenalty": 90.90909090909092}, "violations": {"speedLimitPenalty": 363.6363636363637}, "stimulus_created": false, "id": 92}