{"weights": {"safety": 2.727272727272727, "comfort": 2.727272727272727, "efficiency": 0.4545454545454546, "violations": 4.090909090909091}, "safety": {"obstacleHazardCost": 272.7272727272727}, "comfort": {"hardAccelerationPenalty": 272.7272727272727, "hardDecelerationPenalty": 272.7272727272727, "softLateralAccelerationPenalty": 272.7272727272727, "linearLateralAccelerationPenalty": 272.7272727272727, "accelerationChangePenalty": 272.7272727272727}, "efficiency": {"extraTimePenalty": 45.45454545454546}, "violations": {"speedLimitPenalty": 409.09090909090907}, "stimulus_created": false, "id": 94}