{"weights": {"safety": 2.2727272727272725, "comfort": 0.9090909090909092, "efficiency": 3.6363636363636367, "violations": 3.1818181818181817}, "safety": {"obstacleHazardCost": 227.27272727272725}, "comfort": {"hardAccelerationPenalty": 9.090909090909092, "hardDecelerationPenalty": 9.090909090909092, "softLateralAccelerationPenalty": 9.090909090909092, "linearLateralAccelerationPenalty": 9.090909090909092, "accelerationChangePenalty": 9.090909090909092}, "efficiency": {"extraTimePenalty": 363.6363636363637}, "violations": {"speedLimitPenalty": 318.1818181818182}, "stimulus_created": false, "id": 94}