{"weights": {"safety": 2.5925925925925926, "comfort": 3.7037037037037033, "efficiency": 1.4814814814814814, "violations": 2.2222222222222223}, "safety": {"obstacleHazardCost": 259.25925925925924}, "comfort": {"hardAccelerationPenalty": 37.03703703703703, "hardDecelerationPenalty": 37.03703703703703, "softLateralAccelerationPenalty": 37.03703703703703, "linearLateralAccelerationPenalty": 37.03703703703703, "accelerationChangePenalty": 37.03703703703703}, "efficiency": {"extraTimePenalty": 148.14814814814815}, "violations": {"speedLimitPenalty": 222.22222222222223}, "stimulus_created": false, "id": 96}