{"weights": {"safety": 1.6666666666666665, "comfort": 3.888888888888889, "efficiency": 2.2222222222222223, "violations": 2.2222222222222223}, "safety": {"obstacleHazardCost": 166.66666666666666}, "comfort": {"hardAccelerationPenalty": 388.88888888888886, "hardDecelerationPenalty": 388.88888888888886, "softLateralAccelerationPenalty": 388.88888888888886, "linearLateralAccelerationPenalty": 388.88888888888886, "accelerationChangePenalty": 388.88888888888886}, "efficiency": {"extraTimePenalty": 222.22222222222223}, "violations": {"speedLimitPenalty": 222.22222222222223}, "stimulus_created": false, "id": 96}