{"weights": {"safety": 1.7391304347826086, "comfort": 3.0434782608695654, "efficiency": 3.9130434782608696, "violations": 1.3043478260869565}, "safety": {"obstacleHazardCost": 173.91304347826087}, "comfort": {"hardAccelerationPenalty": 304.34782608695656, "hardDecelerationPenalty": 304.34782608695656, "softLateralAccelerationPenalty": 304.34782608695656, "linearLateralAccelerationPenalty": 304.34782608695656, "accelerationChangePenalty": 304.34782608695656}, "efficiency": {"extraTimePenalty": 391.30434782608694}, "violations": {"speedLimitPenalty": 130.43478260869566}, "stimulus_created": false, "id": 97}