{"weights": {"safety": 3.333333333333333, "comfort": 3.333333333333333, "efficiency": 0.6666666666666666, "violations": 2.6666666666666665}, "safety": {"obstacleHazardCost": 333.3333333333333}, "comfort": {"hardAccelerationPenalty": 33.33333333333333, "hardDecelerationPenalty": 33.33333333333333, "softLateralAccelerationPenalty": 33.33333333333333, "linearLateralAccelerationPenalty": 33.33333333333333, "accelerationChangePenalty": 33.33333333333333}, "efficiency": {"extraTimePenalty": 66.66666666666666}, "violations": {"speedLimitPenalty": 266.66666666666663}, "stimulus_created": false, "id": 97}