{"weights": {"safety": 2.6470588235294117, "comfort": 2.3529411764705883, "efficiency": 2.3529411764705883, "violations": 2.6470588235294117}, "safety": {"obstacleHazardCost": 264.70588235294116}, "comfort": {"hardAccelerationPenalty": 235.29411764705884, "hardDecelerationPenalty": 235.29411764705884, "softLateralAccelerationPenalty": 235.29411764705884, "linearLateralAccelerationPenalty": 235.29411764705884, "accelerationChangePenalty": 235.29411764705884}, "efficiency": {"extraTimePenalty": 235.29411764705884}, "violations": {"speedLimitPenalty": 264.70588235294116}, "stimulus_created": false, "id": 98}