{"weights": {"safety": 4.117647058823529, "comfort": 0.5882352941176471, "efficiency": 4.705882352941177, "violations": 0.5882352941176471}, "safety": {"obstacleHazardCost": 411.7647058823529}, "comfort": {"hardAccelerationPenalty": 5.882352941176471, "hardDecelerationPenalty": 5.882352941176471, "softLateralAccelerationPenalty": 5.882352941176471, "linearLateralAccelerationPenalty": 5.882352941176471, "accelerationChangePenalty": 5.882352941176471}, "efficiency": {"extraTimePenalty": 470.5882352941177}, "violations": {"speedLimitPenalty": 58.82352941176471}, "stimulus_created": false, "id": 98}