{"weights": {"safety": 0.7142857142857142, "comfort": 2.142857142857143, "efficiency": 3.5714285714285716, "violations": 3.5714285714285716}, "safety": {"obstacleHazardCost": 71.42857142857142}, "comfort": {"hardAccelerationPenalty": 21.428571428571427, "hardDecelerationPenalty": 21.428571428571427, "softLateralAccelerationPenalty": 21.428571428571427, "linearLateralAccelerationPenalty": 21.428571428571427, "accelerationChangePenalty": 21.428571428571427}, "efficiency": {"extraTimePenalty": 357.14285714285717}, "violations": {"speedLimitPenalty": 357.14285714285717}, "stimulus_created": false, "id": 99}